"X.","X.1w","Team.Name","Kernel","Team.Members","Score","Entries","Last"
1,"‚Äî","Prime Mover","",NA,1513987.75,42,"20h"
2,"‚Äî","Farmers peeing further...","",NA,1514199.89,52,"19h"
3,"3","Zidmie, KhaVo & Marc","",NA,1514816.87,81,"7h"
4,"3","jarfo","",NA,1514820.68,3,"6d"
5,"‚Äî","nagadomi","",NA,1514821.85,26,"3d"
6,"3","Dodo Craze","",NA,1514849.91,85,"15h"
7,"3","ultragamza","",NA,1514900,47,"11d"
8,"6","The Three Wise Men","",NA,1514995.55,29,"4d"
9,"‚Äî","blacksix","",NA,1515018.07,33,"3d"
10,"5","Random Travel","",NA,1515027.38,41,"9h"
11,"3","KMCoders","",NA,1515059.69,29,"20d"
12,"2","Jin Cheng","",NA,1515118.03,18,"1h"
13,"1","Vincent L.","",NA,1515131.68,14,"2d"
14,"3","KaizaburoChubachi","",NA,1515155.73,13,"6d"
15,"2","MJG & MA","",NA,1515193.57,40,"7d"
16,"22","thocevar","",NA,1515312.96,14,"3d"
17,"1","lala","",NA,1515393.75,4,"17d"
18,"1","[ods.ai] Traveling Ded Moroz","",NA,1515450.78,50,"4d"
19,"4","Team of Teams","",NA,1515482.28,45,"7h"
20,"3","AlphaPrime","",NA,1515482.45,114,"15h"
21,"23","fsguzi","",NA,1515492.14,11,"2d"
22,"4","Costas Voglis","",NA,1515559.77,45,"7d"
23,"2","Vicens Gaitan","",NA,1515565.09,35,"1h"
24,"3","Ole, Bruce & Alex","",NA,1515566.89,74,"4h"
25,"5","NighTurs","",NA,1515568.17,10,"23d"
26,"170","skAInet","",NA,1515588.35,14,"10h"
27,"6","jdarlay","",NA,1515593.84,17,"6d"
28,"3","Granddad","",NA,1515630.71,18,"14h"
29,"60","Pavel Pleskov","",NA,1515657.93,12,"6d"
30,"8","Counting from Infinity","",NA,1515658.96,20,"10d"
31,"10","Nat Bel ML Fun","",NA,1515674.91,50,"1d"
32,"4","Joshua Adelman","",NA,1515715.1,17,"6d"
33,"9","Optimum Prime","",NA,1515725.93,31,"10d"
34,"8","splinter","",NA,1515740.4,5,"9d"
35,"‚Äî","Miyatti + Yair","",NA,1515741.01,87,"14h"
36,"10","Ben Nye","",NA,1515796.62,29,"17h"
37,"46","Brute Force Attack","",NA,1515799.13,28,"3d"
38,"35","Adri","",NA,1515800.85,25,"1d"
39,"79","bobbqe","",NA,1515805.42,51,"~10s"
40,"8","PaulG","",NA,1515822.14,25,"2d"
41,"new","Burrito Dan","",NA,1515834.21,15,"2h"
42,"13","5hun","",NA,1515835.99,8,"11d"
43,"14","CHENYu","",NA,1515842.16,50,"3d"
44,"91","sassafras","",NA,1515857.34,18,"18h"
45,"15","SY","",NA,1515860.81,27,"15d"
46,"16","Mathurin Ach√©","",NA,1515868.94,41,"5d"
47,"80","DDDxiyesi","",NA,1515869.72,55,"1h"
48,"5","Singularis Lab","",NA,1515872.48,29,"4h"
49,"7","Ivanhoe","",NA,1515878.05,13,"4d"
50,"518","Albert Einstein F Muritiba","",NA,1515881.82,4,"1d"
51,"15","Taffey Lewis","",NA,1515887.51,32,"4d"
52,"52","J√∂rg Dietrich","",NA,1515888.11,44,"10h"
53,"39","SacredGames","",NA,1515889.99,17,"6d"
54,"17","Trent","",NA,1515891.38,5,"1d"
55,"9","Yuming Huang","",NA,1515895.67,32,"3d"
56,"23","Stanislav Chistyakov","",NA,1515896.3,82,"5d"
57,"37","Minimise Laptime!","",NA,1515901.67,32,"3d"
58,"24","#general","",NA,1515901.71,13,"20d"
59,"4","BeerShevaKagglers","",NA,1515902.05,45,"14h"
60,"12","Daniel Engelhardt","",NA,1515903.25,36,"11h"
61,"963","Chris Chung","",NA,1515904.35,16,"2h"
62,"12","Small Field","",NA,1515904.51,42,"3h"
63,"11","All hail santa","",NA,1515918.07,32,"4d"
64,"27","djfrancesco","",NA,1515927.13,13,"4h"
65,"58","lukaszl","",NA,1515927.14,45,"21h"
66,"92","GodY","",NA,1515928.66,18,"4d"
67,"10","GymBo alive","",NA,1515937.25,39,"4d"
68,"29","2.7.2","",NA,1515945.95,12,"18d"
69,"9","YaGana Sheriff-Hussaini","",NA,1515945.97,113,"1h"
70,"12","Patrick Byrnes","",NA,1515956.04,30,"3d"
71,"‚Äî","impulsecorp","",NA,1515979.43,41,"3d"
72,"45","Dilapsky Lee","",NA,1515981.22,94,"2h"
73,"31","Andrey Kiryasov","",NA,1515983.88,13,"7d"
74,"236","ralphy","",NA,1515989.45,40,"18h"
75,"24","kagSen","",NA,1515993.29,47,"1d"
76,"36","Neil Slater","",NA,1515994.77,14,"9d"
77,"102","WispZero","",NA,1516006.32,14,"3d"
78,"38","CoreyLevinson","",NA,1516008.68,14,"3d"
79,"‚Äî","Wei Xie","",NA,1516015.73,37,"2h"
80,"30","Alexandre Sauv√©","",NA,1516022.14,25,"4d"
81,"11","glazed","",NA,1516028.13,30,"1d"
82,"35","Maxime Duval","",NA,1516033.3,43,"3d"
83,"new","Trian","",NA,1516035.14,4,"4d"
84,"35","Stepan Troeshestov","",NA,1516036.74,5,"6d"
85,"40","Matt and Rob","",NA,1516053.27,20,"7d"
86,"333","zaslee","",NA,1516057.62,13,"12m"
87,"83","effata.ai","",NA,1516058.45,93,"2d"
88,"39","master üéÖ ü¶å","",NA,1516064.23,68,"7d"
89,"40","Agustin Montero","",NA,1516067.2,11,"5h"
90,"12","Si Feng","",NA,1516067.46,23,"4d"
91,"22","TI","",NA,1516074.57,6,"2h"
92,"44","ts__","",NA,1516088.28,2,"12d"
93,"38","JulienAudibert","",NA,1516092.73,35,"3d"
94,"49","natsumechan","",NA,1516097.92,7,"20h"
95,"3","Prime Minister","",NA,1516099.53,9,"4d"
96,"51","light","",NA,1516112.33,8,"5h"
97,"282","steubk","",NA,1516115.36,4,"1h"
98,"59","Dr Kal-ko","",NA,1516117.9,29,"4h"
99,"67","Matt Motoki","",NA,1516120.46,9,"3h"
100,"new","aashish malik","",NA,1516130.14,15,"4d"
101,"8","Alvis Wong","",NA,1516134.97,20,"4d"
102,"83","AlexeyKuts","",NA,1516136.87,12,"2h"
103,"new","[ods.ai] Dmitry Volkov","",NA,1516140.67,1,"13h"
104,"4","rc95401","",NA,1516140.99,42,"3d"
105,"52","Alexander Firsov","",NA,1516144.04,24,"14d"
106,"new","Richard Harman","",NA,1516145.83,2,"1d"
107,"44","Matvei Riabinin","",NA,1516146.12,11,"4d"
108,"18","GA just kicked in yo","",NA,1516157.95,110,"12h"
109,"55","gasin","",NA,1516170.24,11,"17d"
110,"55","Dandan Wei","",NA,1516175.31,3,"8d"
111,"19","RandomWeaselers","",NA,1516183.21,48,"3d"
112,"12","Ren","",NA,1516183.95,14,"6d"
113,"new","Toru Ito","",NA,1516187.73,1,"4d"
114,"55","Optimus past his prime","",NA,1516197.17,19,"6d"
115,"30","RoseKnight401","",NA,1516198.11,32,"12h"
116,"31","Unai Barredo","",NA,1516214.04,18,"17h"
117,"256","Ada Adamczak","",NA,1516214.15,20,"3h"
118,"53","leejet","",NA,1516217.54,10,"1h"
119,"37","Abolfazl","",NA,1516218.74,5,"2d"
120,"35","Wei Wu","",NA,1516219.75,45,"6h"
121,"‚Äî","Guang","",NA,1516220.65,8,"5d"
122,"18","Sergey Slashchinin","",NA,1516221.87,5,"5d"
123,"13","Jared","",NA,1516227.15,37,"6h"
124,"64","el didou","",NA,1516229.29,8,"1mo"
125,"70","Renjiv Raman","",NA,1516229.38,15,"1d"
126,"65","Hew","",NA,1516232.11,2,"9d"
127,"new","G.H.","",NA,1516232.33,8,"17h"
128,"16","Alexander Zinovev","",NA,1516241.65,20,"6d"
129,"27","Asger S√∏rensen","",NA,1516243.5,24,"2d"
130,"50","Alberto Ezpondaburu","",NA,1516248.46,2,"3d"
131,"73","Cshire","",NA,1516248.8,8,"6d"
132,"46","CQM","",NA,1516251.81,17,"4d"
133,"‚Äî","Geeogham","",NA,1516252.87,20,"3d"
134,"68","Vladimir Larin","",NA,1516260.82,19,"8d"
135,"68","Bram Steenwinckel","",NA,1516263.92,15,"10d"
136,"306","j_araujo","",NA,1516272.83,19,"2d"
137,"26","yukiya","",NA,1516273.16,32,"8h"
138,"35","Optimus Prime","",NA,1516273.23,39,"1d"
139,"23","ZFTurbo","",NA,1516281.38,29,"5d"
140,"72","loveisp","",NA,1516282.94,25,"2d"
141,"35","Lost Santa","",NA,1516284.09,37,"2d"
142,"27","Jokus","",NA,1516290.55,55,"12h"
143,"53","Okamura","",NA,1516293.78,79,"9h"
144,"23","Traveling Sadikin Problem üçú","",NA,1516294.31,29,"5d"
145,"52","H.Y.","",NA,1516298.83,14,"2d"
146,"14","Aaron","",NA,1516299.23,16,"5d"
147,"261","A Skeptic","",NA,1516303.8,12,"16h"
148,"24","Alexey Shmelev","",NA,1516307.25,3,"3d"
149,"37","SD_564","",NA,1516307.3,17,"6d"
150,"227","rka1","",NA,1516307.85,13,"2d"
151,"23","Alexandru Paraschiv","",NA,1516308.71,22,"2d"
152,"77","XINXIN","",NA,1516312.92,7,"10d"
153,"77","ZooKeeper","",NA,1516316.03,14,"7d"
154,"37","Bojan Tunguz","",NA,1516317.07,20,"4d"
155,"29","TeraFlops","",NA,1516322.03,21,"6d"
156,"48","Crussian","",NA,1516322.97,37,"4d"
157,"76","RobinNorthcott","",NA,1516331.94,10,"17d"
158,"new","Andrey Mitrofanov","",NA,1516339.38,10,"1d"
159,"17","Max M","",NA,1516342.19,11,"3d"
160,"24","Liangliang Su","",NA,1516346.33,57,"1d"
161,"77","RhombicDodecahedrons","",NA,1516347,13,"8d"
162,"75","Scott Lowe","",NA,1516359.13,20,"10d"
163,"52","gregory lagasse","",NA,1516363.13,37,"4d"
164,"‚Äî","Magichan","",NA,1516364.16,20,"5d"
165,"36","kojimar","",NA,1516366.38,28,"3d"
166,"78","Vadim Andronov","",NA,1516368.13,1,"15d"
167,"39","AlessioMorganti","",NA,1516369.58,9,"2d"
168,"67","leo","",NA,1516370.6,32,"4d"
169,"156","brumberg","",NA,1516370.82,4,"4d"
170,"59","Tomasz Bia≈Çobrzeg","",NA,1516372.08,90,"42m"
171,"122","radnado","",NA,1516372.39,12,"6h"
172,"new","Topspin26","",NA,1516376.79,2,"18h"
173,"34","Fady","",NA,1516377.2,39,"12h"
174,"7","Nobody","",NA,1516377.22,35,"3d"
175,"27","smota","",NA,1516377.22,75,"4d"
176,"new","Edmon","",NA,1516377.22,7,"1h"
177,"932","TheofanisLambrou","",NA,1516377.24,36,"19h"
178,"107","Luca Massaron","",NA,1516377.59,17,"4d"
179,"33","gavrand","",NA,1516378.24,38,"4d"
180,"114","Firat Tuna","",NA,1516378.24,24,"10h"
181,"114","jazivxt","",NA,1516378.24,54,"20h"
182,"115","Flavien Gelineau","",NA,1516378.24,17,"3d"
183,"53","Ruslan  Talipov","",NA,1516378.24,39,"8h"
184,"83","Evdilos_Ikaria","",NA,1516379.68,25,"3d"
185,"new","alup","",NA,1516380.85,2,"2h"
186,"91","CWisse","",NA,1516382.46,18,"7d"
187,"429","dmitrsl","",NA,1516383.09,22,"14h"
188,"40","Screw Loose","",NA,1516383.52,18,"5d"
189,"49","Charles","",NA,1516383.73,28,"6d"
190,"new","U & A","",NA,1516383.73,3,"1d"
191,"new","vanAmsen","",NA,1516383.73,10,"3h"
192,"96","Christoffer G","",NA,1516386.05,12,"3d"
193,"709","Theo Viel","",NA,1516386.72,2,"5d"
194,"363","Kirill Trofimov","",NA,1516386.72,12,"4d"
195,"new","Permutashki","",NA,1516387.1,7,"6d"
196,"new","ValeriyBabushkin","",NA,1516391.13,1,"14h"
197,"40","Kaggoo","",NA,1516391.32,18,"5d"
198,"613","babachan","",NA,1516392.82,21,"35m"
199,"new","Roman Pyankov","",NA,1516393.54,3,"3h"
200,"new","Che","",NA,1516395.57,1,"4d"
201,"89","David Lizano","",NA,1516396.05,12,"4h"
202,"new","Frank Puk","",NA,1516396.46,2,"2d"
203,"new","Qi Yuan","",NA,1516396.46,5,"5h"
204,"27","Youri Matiounine","",NA,1516397.7,16,"2d"
205,"108","yannfeunteun","",NA,1516398.36,24,"17d"
206,"39","Roberto del Campo","",NA,1516398.52,29,"4d"
207,"236","copasta","",NA,1516400.89,11,"2d"
208,"8","Byfone","",NA,1516400.89,19,"15h"
209,"372","yukari17 in Zoo","",NA,1516401.77,4,"6d"
210,"72","RubenJG","",NA,1516401.85,46,"20h"
211,"1","Jules","",NA,1516403.41,12,"2d"
212,"640","Kang","",NA,1516404.78,25,"6h"
213,"new","Shiggy","",NA,1516404.85,4,"3d"
214,"1042","Xuan Cao","",NA,1516404.85,2,"6d"
215,"88","DungNB","",NA,1516404.85,7,"6d"
216,"30","Lathwal","",NA,1516404.85,8,"6d"
217,"60","Sergeeva Sofiya","",NA,1516404.85,5,"6d"
218,"6","Vansh Jatana","",NA,1516404.85,16,"6d"
219,"11","Arunkumar V Ramanan","",NA,1516404.85,28,"3d"
220,"21","Kristina Kalbasiuk","",NA,1516404.85,19,"6d"
221,"new","differentialmind","",NA,1516404.85,1,"6d"
222,"13","Submarineering","",NA,1516404.85,19,"4d"
223,"new","aya2018","",NA,1516404.85,3,"6d"
224,"196","Niranjan Nakkala","",NA,1516404.85,7,"6d"
225,"18","Vladimir Korzun","",NA,1516404.85,7,"6d"
226,"43","BruteForce1","",NA,1516404.85,30,"5d"
227,"195","mks2192","",NA,1516404.85,6,"6d"
228,"new","Christian Wibisono","",NA,1516404.85,1,"6d"
229,"new","U023","",NA,1516404.85,2,"5d"
230,"18","Kishore M","",NA,1516404.85,17,"2d"
231,"2","Paulo Pinto","",NA,1516404.85,41,"5d"
232,"5","<^..^>","",NA,1516404.85,11,"5d"
233,"126","Tetyana Yatsenko","",NA,1516404.85,16,"5d"
234,"28","Mathn","",NA,1516404.85,11,"3d"
235,"new","Nguyen Xuan Bac","",NA,1516404.85,4,"8h"
236,"5","Kei","",NA,1516404.85,15,"5d"
237,"34","Â§ßÈªëÊ•º","",NA,1516404.85,20,"2h"
238,"17","Mayank Soni","",NA,1516404.85,14,"5d"
239,"new","Muhammad Assagaf","",NA,1516404.85,1,"5d"
240,"27","Andrey Ostapets","",NA,1516404.85,5,"5d"
241,"28","Deep_patience","",NA,1516404.85,24,"4d"
242,"new","Davut Polat","",NA,1516404.85,1,"5d"
243,"new","Taylor","",NA,1516404.85,2,"4d"
244,"new","Elan Rosen","",NA,1516404.85,1,"5d"
245,"new","shishirranjan","",NA,1516404.85,2,"5d"
246,"new","[ods.ai] Narek Maloyan","",NA,1516404.85,2,"5d"
247,"15","NxGTR","",NA,1516404.85,11,"4d"
248,"22","Bibin Paul","",NA,1516404.85,10,"4d"
249,"15","yarntime","",NA,1516404.85,4,"4d"
250,"18","Panos","",NA,1516404.85,12,"4d"
251,"149","Dinesh manivannan","",NA,1516404.85,16,"4d"
252,"14","Pranav T V","",NA,1516404.85,8,"4d"
253,"101","Scottfree","",NA,1516404.85,25,"4d"
254,"new","JYHC","",NA,1516404.85,3,"4d"
255,"new","Piyush","",NA,1516404.85,3,"4d"
256,"126","Guilherme Campos","",NA,1516404.85,11,"4d"
257,"57","DSEverything","",NA,1516404.85,10,"11h"
258,"63","Anna Novikova","",NA,1516404.85,8,"3d"
259,"395","Maxim Yurchenko","",NA,1516404.85,2,"3d"
260,"24","XiaoYu","",NA,1516404.85,8,"3d"
261,"new","sharthZ#23","",NA,1516404.85,1,"3d"
262,"13","Dung Bui","",NA,1516404.85,5,"3d"
263,"37","Riku Suzuki","",NA,1516404.85,5,"3d"
264,"50","k.n.","",NA,1516404.85,17,"3d"
265,"9","Michael Hawkins","",NA,1516404.85,5,"3d"
266,"45","Atanas Atanasov","",NA,1516404.85,10,"3d"
267,"new","sannypalmer","",NA,1516404.85,2,"2d"
268,"392","Masoud","",NA,1516404.85,2,"2d"
269,"new","Andrew Shevelev","",NA,1516404.85,1,"2d"
270,"new","iamownt","",NA,1516404.85,2,"2d"
271,"new","neongen","",NA,1516404.85,1,"2d"
272,"7","Abhilash Awasthi","",NA,1516404.85,3,"2d"
273,"new","FabSchreiber","",NA,1516404.85,1,"2d"
274,"180","StevenTMHsuÂæ∑Êòé","",NA,1516404.85,2,"2d"
275,"15","Panchajanya Banerjee (Pancham)","",NA,1516404.85,6,"2d"
276,"51","Alex Tolkachev","",NA,1516404.85,13,"2d"
277,"new","Aman.cyberia","",NA,1516404.85,1,"2d"
278,"new","SaamahnMahjouri","",NA,1516404.85,1,"1d"
279,"88","snikks","",NA,1516404.85,7,"1d"
280,"37","AnilPandey","",NA,1516404.85,6,"1d"
281,"122","Elisey Gusev","",NA,1516404.85,2,"1d"
282,"124","Nazim Girach","",NA,1516404.85,2,"1d"
283,"60","Santas","",NA,1516404.85,8,"1d"
284,"68","ÊûóÊπßÊ£Æ (Dyson Lin)","",NA,1516404.85,12,"21h"
285,"new","Amin Pial","",NA,1516404.85,6,"21h"
286,"524","H√ºsn√º ≈ûensoy","",NA,1516404.85,27,"17h"
287,"69","LCFR","",NA,1516404.85,13,"15h"
288,"16","Nooh","",NA,1516404.85,4,"5h"
289,"new","Kele","",NA,1516404.85,3,"4h"
290,"483","ShikunLiu","",NA,1516404.85,7,"3h"
291,"72","Charles Roberson","",NA,1516404.9,46,"5d"
292,"193","dtaka","",NA,1516405.79,5,"8d"
293,"90","Giba","",NA,1516406.49,8,"5d"
294,"42","Daniel Lerch","",NA,1516410.1,3,"4d"
295,"904","HiyokoClub","",NA,1516410.48,2,"6d"
296,"3","Saurabh Kumar","",NA,1516410.48,7,"6d"
297,"46","Dimosthenis Karaflos","",NA,1516410.48,23,"5d"
298,"193","kagglOR","",NA,1516425.89,19,"17d"
299,"193","IA","",NA,1516427.8,29,"13d"
300,"193","Maxime Mouchet","",NA,1516429.49,17,"17d"
301,"189","ObserverL","",NA,1516442.96,21,"11d"
302,"new","Koji Kawamura","",NA,1516443.26,6,"3h"
303,"new","GurchetanSingh","",NA,1516445.61,1,"15h"
304,"191","Ilya Bychkov","",NA,1516448.95,11,"14d"
305,"191","XiaoyuYang","",NA,1516451.9,20,"1mo"
306,"246","pb24","",NA,1516458.93,7,"6d"
307,"146","luyaxin","",NA,1516460.17,15,"1d"
308,"2","DeadZombie","",NA,1516470.29,17,"1d"
309,"189","leoil","",NA,1516476.22,32,"8d"
310,"188","Alexander","",NA,1516486.64,22,"18d"
311,"186","DSPE","",NA,1516497.71,14,"15d"
312,"163","brain-to-go","",NA,1516502.42,12,"5d"
313,"179","IggiSv9t","",NA,1516511.28,7,"5d"
314,"new","swhon","",NA,1516518.32,5,"2d"
315,"178","AussieBird","",NA,1516528.39,3,"13d"
316,"177","That last tenth of a percent...","",NA,1516528.73,25,"6d"
317,"179","Alberto Montero","",NA,1516535.98,1,"14d"
318,"177","Aguiar","",NA,1516546.13,4,"12d"
319,"173","iceychris","",NA,1516568.18,9,"9d"
320,"138","A.S. Tarantoga","",NA,1516581.54,5,"2d"
321,"124","Patrick Lzz","",NA,1516583.48,7,"5d"
322,"174","Paul Laffon","",NA,1516584.93,3,"13d"
323,"173","Oleksii B.","",NA,1516585.29,5,"8d"
324,"171","p=np","",NA,1516587.88,8,"24d"
325,"171","Dzianis Sokalau","",NA,1516589.5,16,"9d"
326,"39","Drew","",NA,1516591.22,8,"4d"
327,"168","GroupOf3","",NA,1516601,2,"10d"
328,"168","Pata, pata, pata, pon ...","",NA,1516602.04,22,"20d"
329,"164","slider","",NA,1516613.03,5,"13d"
330,"162","Alberto B.","",NA,1516624.38,6,"14d"
331,"151","Teled Analytic","",NA,1516626.44,53,"9h"
332,"3","Tektorch","",NA,1516631.21,68,"20h"
333,"164","Dong","",NA,1516636.97,7,"15d"
334,"163","Hanzhou Wu","",NA,1516638.17,24,"25d"
335,"162","Dowakin","",NA,1516640.81,13,"18d"
336,"161","Fayzur","",NA,1516646.97,18,"18d"
337,"159","johnsonav","",NA,1516649.39,14,"15d"
338,"155","TPO","",NA,1516657.25,9,"8h"
339,"37","Kengo Ichiki","",NA,1516660.26,11,"6d"
340,"552","Marino Marrocu","",NA,1516663.51,4,"3d"
341,"158","Anton Petrov","",NA,1516663.57,9,"12d"
342,"155","Tadhg Fitzgerald","",NA,1516668.5,14,"10d"
343,"155","Andrey de Oliveira","",NA,1516670.94,11,"17d"
344,"155","Wilcox","",NA,1516671.9,20,"21d"
345,"24","podludek","",NA,1516673.16,4,"7d"
346,"156","Alexey Mogilnikov","",NA,1516673.44,32,"17d"
347,"155","Karsten J.","",NA,1516678.7,16,"16d"
348,"155","Mohsin hasan","",NA,1516679.57,5,"15d"
349,"155","heliangbo","",NA,1516679.57,6,"7d"
350,"153","George Mohler","",NA,1516689.18,12,"20d"
351,"153","interneuron","",NA,1516689.26,16,"2h"
352,"153","Helen Ditz","",NA,1516690.15,9,"9d"
353,"153","Sergei Kiian","",NA,1516693.18,7,"21d"
354,"149","UST_Turkey","",NA,1516693.42,5,"7d"
355,"116","Todor Bonchev","",NA,1516693.42,4,"7d"
356,"new","SmokerX","",NA,1516693.42,1,"6d"
357,"146","Dasha","",NA,1516693.58,2,"9d"
358,"141","Sergey Enikeev","",NA,1516693.58,4,"9d"
359,"140","Maksim Vlasenko","",NA,1516693.58,4,"9d"
360,"140","Andrey Gurevich","",NA,1516693.58,13,"9d"
361,"139","Abhishek","",NA,1516693.58,2,"8d"
362,"139","Alex Parinov","",NA,1516693.58,3,"8d"
363,"137","Amit Kumar Jaiswal","",NA,1516693.58,1,"8d"
364,"135","Gaurav","",NA,1516693.58,1,"8d"
365,"135","Ivan Kotiuchyi","",NA,1516693.58,4,"8d"
366,"134","Zaur Fataliyev","",NA,1516693.58,1,"7d"
367,"27","Marek","",NA,1516693.58,9,"7d"
368,"119","Mohsen Yazdinejad","",NA,1516693.58,32,"7d"
369,"57","Arindam Dutta","",NA,1516693.58,5,"7d"
370,"98","senkin13","",NA,1516693.58,3,"7d"
371,"new","RustyB","",NA,1516693.58,1,"7d"
372,"71","Prashanth Thangavel","",NA,1516693.58,3,"7d"
373,"108","Vishal Gupta","",NA,1516693.58,6,"7d"
374,"new","Gunther17","",NA,1516693.58,2,"5d"
375,"14","Neo Delphis","",NA,1516693.58,6,"3d"
376,"136","edgecrusher","",NA,1516697.75,33,"12d"
377,"135","Patryk Binkowski","",NA,1516697.75,5,"12d"
378,"134","Dmitrij Kozachuk","",NA,1516697.75,2,"12d"
379,"132","fred","",NA,1516697.75,20,"12d"
380,"130","ria","",NA,1516697.75,30,"10d"
381,"128","Maxim Vakhrushev","",NA,1516697.75,2,"11d"
382,"128","Ashirwad","",NA,1516697.75,10,"11d"
383,"126","William Chen","",NA,1516697.75,16,"10d"
384,"126","yutaro.tatebayashi","",NA,1516697.75,1,"10d"
385,"126","Ph·∫°m Ti·∫øn D≈©ng","",NA,1516697.75,4,"10d"
386,"125","Ning Jia","",NA,1516697.75,4,"10d"
387,"124","Bahadir Findikkaya","",NA,1516701.14,6,"13d"
388,"124","Eagle's Nest","",NA,1516701.47,10,"24d"
389,"97","R.G.","",NA,1516704.8,4,"6d"
390,"117","Glen Slade","",NA,1516705.08,10,"13d"
391,"117","Jalal Habibi","",NA,1516705.08,1,"13d"
392,"116","Terran Tang","",NA,1516705.08,1,"13d"
393,"115","CosmicQua","",NA,1516705.08,11,"12d"
394,"114","MightyBird","",NA,1516705.37,7,"8d"
395,"114","Tom57","",NA,1516715.57,39,"16d"
396,"113","Kristin M","",NA,1516718.07,12,"14d"
397,"111","alijs","",NA,1516720.51,5,"20d"
398,"110","XYZT","",NA,1516720.62,11,"20d"
399,"110","Not enough carrots for Rudolph","",NA,1516720.9,6,"22d"
400,"489","Sergey Malyutin","",NA,1516725.48,8,"2h"
401,"110","pezlogd","",NA,1516725.48,20,"14d"
402,"110","corner200","",NA,1516725.83,9,"15d"
403,"107","tatematsu fumiya","",NA,1516728.97,3,"14d"
404,"106","Truoc Pham","",NA,1516728.97,10,"14d"
405,"103","Moiz Saifee","",NA,1516728.97,1,"13d"
406,"101","hung96ad","",NA,1516728.97,2,"13d"
407,"100","Ilya Rudyak","",NA,1516733.23,11,"20d"
408,"100","ATCGuy","",NA,1516733.47,9,"1mo"
409,"new","vkmouse","",NA,1516736.78,14,"9h"
410,"101","urmas pitsi","",NA,1516738.52,7,"13d"
411,"100","Kumar Shubham","",NA,1516749.13,2,"16d"
412,"100","andrekos","",NA,1516749.13,1,"16d"
413,"100","Dolotov Evgeniy","",NA,1516749.13,2,"15d"
414,"99","AM Drifter (Elhamdaoui)","",NA,1516749.13,2,"15d"
415,"99","Lawrence Chernin","",NA,1516749.13,2,"15d"
416,"98","deville","",NA,1516749.13,6,"15d"
417,"98","Gabriel Preda","",NA,1516749.13,7,"15d"
418,"98","Martin Bonardi","",NA,1516749.13,5,"14d"
419,"97","DavyJing","",NA,1516749.13,1,"11d"
420,"97","Jiajun Xu","",NA,1516749.13,1,"7d"
421,"new","dimkadimon","",NA,1516749.13,4,"6d"
422,"772","Licheng Zhang","",NA,1516749.13,5,"5d"
423,"88","btk1","",NA,1516751.33,21,"13h"
424,"100","Edumars","",NA,1516751.56,17,"18d"
425,"99","Jiazhen Xi","",NA,1516753.16,1,"18d"
426,"56","Krout","",NA,1516755.08,3,"7d"
427,"100","Viettel CyberSecurity","",NA,1516756.54,2,"12d"
428,"100","FedericoAlonso","",NA,1516759.9,9,"14d"
429,"69","mirrornerror","",NA,1516761.77,6,"20h"
430,"72","kazuki ohara & rain496","",NA,1516764.74,5,"3d"
431,"101","donf","",NA,1516766.56,7,"21d"
432,"101","TeamK","",NA,1516766.58,3,"14d"
433,"101","mrkmakr","",NA,1516767.32,3,"17d"
434,"101","Paco Wong","",NA,1516768.47,10,"17d"
435,"101","Fabio Vessoni","",NA,1516769.49,3,"18d"
436,"80","Andrzej Kuro","",NA,1516769.69,19,"4d"
437,"101","Bastien Dechamps","",NA,1516770.96,10,"16d"
438,"101","AlexeyShimko","",NA,1516770.96,2,"16d"
439,"101","Josh K","",NA,1516771.42,5,"18d"
440,"101","Vipul Rai","",NA,1516771.42,7,"18d"
441,"100","Adarsh Agrawal","",NA,1516771.42,3,"18d"
442,"100","kdaqlkgjnmaklvmnkankl","",NA,1516771.42,4,"18d"
443,"99","Nguyen Tang Tri Duc","",NA,1516771.42,3,"17d"
444,"99","TheAccountant","",NA,1516771.42,1,"17d"
445,"99","ZHENG ZHENXIAN","",NA,1516771.42,1,"17d"
446,"99","MradulKhandelwal","",NA,1516771.42,2,"17d"
447,"99","Nikhil Mudhalwadkar","",NA,1516771.42,2,"17d"
448,"99","Alexey Shayakhov","",NA,1516771.42,3,"17d"
449,"99","Anton Petukhov","",NA,1516771.42,2,"17d"
450,"99","ZackCode","",NA,1516771.42,3,"17d"
451,"98","Kotomord","",NA,1516771.42,19,"17d"
452,"98","Binil","",NA,1516771.42,1,"14d"
453,"98","Amogh Badugu","",NA,1516771.42,2,"11d"
454,"868","rk.feng","",NA,1516771.42,3,"7d"
455,"501","useful","",NA,1516772.26,5,"1d"
456,"99","Seshadri","",NA,1516774.51,12,"14d"
457,"97","Dmitry Kozlov","",NA,1516780.54,1,"14d"
458,"96","Joshua Havelka","",NA,1516784.69,6,"22d"
459,"95","Sergei","",NA,1516790.22,12,"15d"
460,"new","Martin Siehler","",NA,1516791.09,8,"1h"
461,"405","Minato Aihara","",NA,1516798.69,13,"3d"
462,"97","kambarakun","",NA,1516800.85,16,"21d"
463,"97","Fred Senekal","",NA,1516802.83,11,"9d"
464,"96","Kostadinov","",NA,1516803.58,3,"16d"
465,"95","Josep Garriga","",NA,1516819.02,14,"23d"
466,"95","szywind","",NA,1516834.33,2,"9d"
467,"95","AF!","",NA,1516840.32,11,"12d"
468,"28","magicsany","",NA,1516840.8,22,"6d"
469,"95","Vitaly Byrachonok","",NA,1516845.16,8,"21d"
470,"new","Nick Knyazev","",NA,1516848.25,8,"2d"
471,"96","Rover","",NA,1516856.81,8,"15d"
472,"94","hirune924","",NA,1516867.32,17,"19d"
473,"93","Kirill Simakov","",NA,1516867.85,25,"19d"
474,"93","Buffalo","",NA,1516867.85,1,"19d"
475,"92","Bluefool","",NA,1516867.85,3,"17d"
476,"92","Alex.A","",NA,1516867.85,2,"10d"
477,"92","Illia Volochii","",NA,1516867.85,6,"7d"
478,"92","ƒåeduljko","",NA,1516867.85,7,"7d"
479,"new","Duy Tr∆∞∆°ng","",NA,1516867.85,1,"5d"
480,"93","Kamil Dƒôbowski","",NA,1516871.28,6,"22d"
481,"57","parseltung","",NA,1516871.93,6,"4d"
482,"94","Piotr Rudzki","",NA,1516872.4,2,"20d"
483,"94","oisin","",NA,1516872.99,3,"21d"
484,"94","Tak Yg","",NA,1516879.69,11,"16d"
485,"94","Vindar","",NA,1516886.44,1,"24d"
486,"94","Andriy Yaroshevskiy","",NA,1516886.49,5,"20d"
487,"94","liusk","",NA,1516889.78,1,"15d"
488,"94","EricSchneider","",NA,1516893.24,3,"22d"
489,"94","Jonas Alml√∂f","",NA,1516893.76,5,"25d"
490,"94","np","",NA,1516897.14,5,"21d"
491,"94","Nik Pokryshkin","",NA,1516897.14,7,"21d"
492,"94","Alexander Makeev","",NA,1516897.14,8,"20d"
493,"94","Bethea","",NA,1516897.14,8,"20d"
494,"93","richard2","",NA,1516897.14,3,"20d"
495,"93","Leigh","",NA,1516897.14,4,"20d"
496,"92","hrenovookrussian","",NA,1516897.14,28,"19d"
497,"92","weedjy","",NA,1516897.14,11,"19d"
498,"91","Mikhail Poruchikov","",NA,1516898.32,36,"15d"
499,"90","Dmitriy Guller","",NA,1516899.59,5,"22d"
500,"90","JT/CH","",NA,1516901.7,2,"25d"
501,"90","DuckTile","",NA,1516905.57,18,"22d"
502,"90","something4kag","",NA,1516907.08,5,"20d"
503,"90","Francois Dehouck","",NA,1516907.26,5,"16d"
504,"90","Travis Ragle","",NA,1516907.68,4,"10d"
505,"90","rahul yadav","",NA,1516909.45,3,"16d"
506,"90","Palms1111","",NA,1516910.06,3,"15d"
507,"90","nebeel0","",NA,1516912,7,"14d"
508,"90","Vibhanshu Vaibhav","",NA,1516912.37,2,"1mo"
509,"88","Tyler Vigen","",NA,1516912.37,9,"25d"
510,"87","Darkhan Nurakhmetov","",NA,1516912.37,6,"25d"
511,"86","PEQNP","",NA,1516912.37,30,"25d"
512,"85","Kuptsov Daniil","",NA,1516912.37,5,"24d"
513,"85","Soumojit Kumar","",NA,1516912.37,2,"22d"
514,"85","redshiftzero","",NA,1516912.37,9,"22d"
515,"85","Teitlax","",NA,1516912.37,2,"22d"
516,"85","Alfredo Alejandro De la Fuente Brice√±o","",NA,1516912.37,6,"22d"
517,"85","cherish_zhang","",NA,1516912.37,4,"21d"
518,"85","YujunDeng","",NA,1516912.37,10,"19d"
519,"85","Quentin Heinrich","",NA,1516912.37,3,"16d"
520,"85","Lawrence Francis","",NA,1516912.37,5,"15d"
521,"new","See--","",NA,1516912.37,2,"3d"
522,"86","Seongyoon Kim","",NA,1516914.51,3,"21d"
523,"86","Nikita Konodyuk","",NA,1516915.11,10,"25d"
524,"86","RaX","",NA,1516915.59,3,"11d"
525,"18","Jo","",NA,1516917,11,"5d"
526,"274","sumoru","",NA,1516919.62,4,"21h"
527,"88","Charles Barkley","",NA,1516925.67,2,"19d"
528,"87","Bisons","",NA,1516931.25,6,"16d"
529,"35","Monte Cristo ¬≠‚îº","",NA,1516936.98,28,"1h"
530,"86","TobiasCallies","",NA,1516937.79,3,"7d"
531,"85","PranavShankar","",NA,1516941.12,2,"9d"
532,"85","dlubom","",NA,1516942.27,11,"20d"
533,"328","Norman","",NA,1516944.33,5,"2d"
534,"86","masao","",NA,1516946.83,24,"15d"
535,"86","Minh Chien","",NA,1516951.24,15,"20d"
536,"86","A&A","",NA,1516951.88,27,"14d"
537,"new","Morylov Yehor","",NA,1516951.9,1,"5d"
538,"new","Denis Levchenko","",NA,1516952.56,3,"4h"
539,"88","Ashwini","",NA,1516959.39,2,"13d"
540,"new","bb","",NA,1516961.33,3,"4d"
541,"89","albertajuelo","",NA,1516962.39,3,"22d"
542,"89","Artem Toporov","",NA,1516964.9,9,"24d"
543,"11","bubuka","",NA,1516966.76,4,"7d"
544,"new","Philip Popien","",NA,1516969.89,1,"6d"
545,"90","Antony","",NA,1516972.04,8,"21d"
546,"90","sora","",NA,1516972.59,4,"24d"
547,"90","Eugene Brovkin","",NA,1516975.67,2,"16d"
548,"90","…¥ico ü…ës úe Ä Äan","",NA,1516976.46,18,"21d"
549,"379","Zepp","",NA,1516976.79,10,"1d"
550,"569","Nubesters","",NA,1516983.39,10,"4d"
551,"92","Yongwook Choi","",NA,1516984.95,3,"8d"
552,"16","H Lloyd","",NA,1517004.99,3,"2d"
553,"93","gbEcon","",NA,1517018.92,2,"16d"
554,"new","Rodrigo Rodrigues","",NA,1517022.55,3,"4d"
555,"94","Anoubhav Agarwaal","",NA,1517032.16,2,"25d"
556,"94","Max Ryabinin","",NA,1517032.16,4,"21d"
557,"94","Zhengyang Song","",NA,1517037.83,3,"9d"
558,"new","Bharat","",NA,1517039.68,1,"2h"
559,"95","Ivan","",NA,1517041.63,6,"25d"
560,"new","–õ–∞–≤—Ä—É—Ö–∏–Ω –î–º–∏—Ç—Ä–∏–π","",NA,1517043.18,1,"2d"
561,"270","Jay H","",NA,1517043.93,8,"4d"
562,"97","sheng","",NA,1517044.8,17,"17d"
563,"97","Maksym","",NA,1517045.16,12,"22d"
564,"97","x0x0w1","",NA,1517045.28,7,"1mo"
565,"97","delai50","",NA,1517053.02,2,"19d"
566,"97","dipdeep","",NA,1517053.91,15,"19d"
567,"97","john159151","",NA,1517055.08,1,"15d"
568,"97","Wei-Zhi, QIn","",NA,1517055.53,13,"5d"
569,"97","Mike Leske","",NA,1517060.74,13,"19d"
570,"97","Nicolae Petridean","",NA,1517062.03,4,"9d"
571,"97","JunYongTong","",NA,1517073.27,3,"15d"
572,"97","An Nguyen","",NA,1517073.99,3,"9d"
573,"97","Harshal Puri","",NA,1517078.77,5,"14d"
574,"97","flippo","",NA,1517082.26,10,"9d"
575,"97","PowerRandom","",NA,1517084.71,1,"22d"
576,"97","DHaight","",NA,1517094.68,17,"11d"
577,"660","iprapas","",NA,1517112.31,5,"15h"
578,"98","Irven","",NA,1517113.15,2,"14d"
579,"98","T. Johnson","",NA,1517126.28,6,"1mo"
580,"new","t nakano","",NA,1517132.94,3,"3d"
581,"10","CapsLock","",NA,1517142.62,6,"4d"
582,"99","Evgeny Kurbatsky","",NA,1517166.84,4,"14d"
583,"99","takedarts","",NA,1517203.29,3,"19d"
584,"99","Tiago Leite","",NA,1517207.45,9,"17d"
585,"new","Anatoliy","",NA,1517255.66,2,"6d"
586,"99","Josh Merritt","",NA,1517281.59,1,"11d"
587,"99","robotcator","",NA,1517292.66,5,"9d"
588,"99","Minh Ho","",NA,1517294.68,3,"20d"
589,"99","Yicheng Chen","",NA,1517301.84,2,"1mo"
590,"99","MEFT","",NA,1517338.32,12,"24d"
591,"86","Seby","",NA,1517457.05,23,"3d"
592,"100","Â∞èÁ±≥È£Ø","",NA,1517476.03,3,"12d"
593,"new","saj1919","",NA,1517882.93,2,"5d"
594,"99","Toby Cheese","",NA,1517944.31,5,"1mo"
595,"99","Matthew Daws","",NA,1517961.94,3,"20d"
596,"99","NPComplete","",NA,1517997.99,15,"1mo"
597,"98","RafailFridman","",NA,1518023.92,9,"23d"
598,"98","erinaishi","",NA,1518028.09,3,"1mo"
599,"98","oneday","",NA,1518041.05,4,"25d"
600,"98","fab64443","",NA,1518056.27,10,"1mo"
601,"new","Ilya Safonov","",NA,1518070.49,5,"3d"
602,"new","minus9d","",NA,1518101.64,5,"8h"
603,"100","KonBar","",NA,1518116.45,1,"1mo"
604,"100","Ali Doku","",NA,1518122.89,19,"19d"
605,"99","Sreejith Krishnan R","",NA,1518130.42,4,"1mo"
606,"99","Christian de Bouille","",NA,1518141.56,1,"10d"
607,"99","AlexandrNikitin","",NA,1518169.19,4,"14d"
608,"73","Donojazz","",NA,1518289.59,41,"5d"
609,"100","yur mom","",NA,1518296.59,2,"24d"
610,"100","Â∞èË±ÜÂéªËøΩËÅñË™ïËÄÅ‰∫∫","",NA,1518296.59,6,"8d"
611,"109","student","",NA,1518326.42,3,"6d"
612,"101","Alex Danilin","",NA,1518339,2,"10d"
613,"101","southman","",NA,1518350.12,6,"12d"
614,"new","Sakura","",NA,1518350.61,1,"6d"
615,"102","johnny80687","",NA,1518356.94,1,"12d"
616,"102","Sujeevraja Sanjeevi","",NA,1518363.72,13,"9d"
617,"79","Vitaly Sedelnik","",NA,1518385.28,4,"5d"
618,"103","Wang","",NA,1518398.49,1,"8d"
619,"103","SeaBreeze","",NA,1518406.05,6,"10d"
620,"103","shimaw28","",NA,1518411.74,18,"22d"
621,"103","Roman Trotsyuk","",NA,1518419.52,4,"9d"
622,"103","Shawn Pope","",NA,1518442.11,13,"19d"
623,"103","romandovega","",NA,1518461.66,1,"22d"
624,"502","Marco Aikawa","",NA,1518477.97,15,"16h"
625,"104","Ivy W","",NA,1518478.56,5,"11d"
626,"104","JyostnaPereira","",NA,1518479.68,3,"14d"
627,"104","Carl Nystr√∂mer","",NA,1518479.68,1,"11d"
628,"104","Ilya","",NA,1518479.68,5,"8d"
629,"104","Vlad Hrynko","",NA,1518479.68,15,"8d"
630,"104","Kirill Vasin","",NA,1518479.68,1,"8d"
631,"new","FelypeBastos","",NA,1518479.68,2,"5d"
632,"new","Grebe Team","",NA,1518479.68,1,"4d"
633,"106","handre","",NA,1518485.63,4,"1mo"
634,"264","ROSHINJOHNSON","",NA,1518486.63,6,"4d"
635,"107","Huy Tran","",NA,1518489.42,1,"18d"
636,"107","sh1ng","",NA,1518495,1,"10d"
637,"107","horohoro","",NA,1518498.95,1,"18d"
638,"107","Satya M","",NA,1518523.84,1,"1mo"
639,"107","boixosnoisfinki","",NA,1518545.2,4,"25d"
640,"107","ArnaldoGunzi","",NA,1518646.39,3,"23d"
641,"107","Chi Zhang","",NA,1518686.45,1,"1mo"
642,"new","Ozzi7","",NA,1519353.51,1,"3d"
643,"358","HappyDR","",NA,1521233.57,2,"4d"
644,"107","dvch","",NA,1521596.34,4,"20d"
645,"new","Daniel Oliveira","",NA,1521650.41,1,"5d"
646,"new","kios_cy","",NA,1521709.27,4,"21h"
647,"109","Mathias Lind","",NA,1521747.61,5,"21d"
648,"new","Jeremy Salwen","",NA,1521821.24,6,"6d"
649,"110","plonsa plonsini","",NA,1521842.99,5,"17d"
650,"110","Liudmyla","",NA,1521877.92,4,"14d"
651,"110","RA_WINE","",NA,1521925.63,11,"11d"
652,"110","ORLab","",NA,1521932.32,7,"11d"
653,"109","Atalante","",NA,1521963.51,6,"17d"
654,"109","sazas","",NA,1521991.08,1,"1mo"
655,"109","aaronzs","",NA,1522035.49,3,"1mo"
656,"new","Paulo Oliveira","",NA,1522103.57,15,"14h"
657,"110","Trend Follower","",NA,1522198.63,7,"11d"
658,"new","Sergey Alekseev","",NA,1522238.3,4,"2d"
659,"111","jaypii172","",NA,1522498.63,3,"1mo"
660,"59","Lera Y","",NA,1522550.11,2,"7d"
661,"112","Kromel","",NA,1522721.7,2,"4d"
662,"112","Keita Oda","",NA,1522811.59,4,"1mo"
663,"new","Quincyc3","",NA,1522894.79,12,"2d"
664,"113","Felipe Tambasco","",NA,1522952.4,2,"1mo"
665,"112","rodasoares","",NA,1523257.91,5,"19d"
666,"124","AxelB","",NA,1523842.02,3,"5d"
667,"112","mstkng","",NA,1523863.15,2,"1mo"
668,"112","Eric Beckwith","",NA,1523869.69,4,"21d"
669,"111","Ahmad","",NA,1523931.35,18,"1mo"
670,"111","Yaroslav Isaienkov","",NA,1523986.29,13,"1mo"
671,"111","Ryan Tolsma","",NA,1523990,6,"1mo"
672,"111","midhu n n","",NA,1523990,20,"14d"
673,"111","TangentDay","",NA,1523990,5,"1mo"
674,"349","Florjan C","",NA,1524017.21,6,"3d"
675,"112","ManuelWick-Eckl","",NA,1524079.63,4,"22d"
676,"112","Michal Kardach","",NA,1524086.25,5,"1mo"
677,"112","Andrei Onea","",NA,1524262.92,22,"19d"
678,"112","NP-hard","",NA,1524268.76,10,"23d"
679,"112","Oh Yeah","",NA,1524380.95,5,"1mo"
680,"111","cocodrips","",NA,1524404.42,5,"23d"
681,"164","Keitaro Kitagawa","",NA,1524430.39,5,"7d"
682,"112","Charles-Eric","",NA,1524439.05,7,"20d"
683,"112","James Chang","",NA,1524461.62,1,"12d"
684,"112","MonaST","",NA,1524469.81,46,"5d"
685,"103","Misuk Kim","",NA,1524470.23,17,"6d"
686,"113","ntg","",NA,1524481.07,1,"17d"
687,"113","Kazumi Sakamoto","",NA,1524481.24,24,"6d"
688,"113","Tadashi Kikuchi","",NA,1524494.52,8,"9d"
689,"324","taichi","",NA,1524504.23,8,"1d"
690,"114","IvoNaranjo","",NA,1524504.45,5,"24d"
691,"114","robo","",NA,1524556.05,6,"20d"
692,"114","nubatama","",NA,1524561.49,13,"15d"
693,"114","Radeeswar","",NA,1524576.07,2,"8d"
694,"114","penpenpen","",NA,1524576.76,2,"21d"
695,"103","long furbs","",NA,1524601.45,9,"6h"
696,"113","ACDC++","",NA,1524602.4,16,"12d"
697,"113","Neptuna","",NA,1524607.69,3,"1mo"
698,"113","Paul","",NA,1524619.21,14,"20d"
699,"new","amy-dengelm1","",NA,1524623.55,3,"6d"
700,"114","cuscruff","",NA,1524633.6,7,"17d"
701,"114","pengjiaxin","",NA,1524648.91,2,"10d"
702,"114","Andres Felipe Cruz Salinas","",NA,1524668.57,1,"1mo"
703,"91","Shingo.S","",NA,1524669.79,2,"6d"
704,"115","General Desnouettes","",NA,1524694.79,2,"25d"
705,"new","tartieret","",NA,1524721.91,1,"7d"
706,"116","Chin Ee Kin","",NA,1524745.52,1,"1mo"
707,"115","Joshua Parker","",NA,1524848.29,3,"17d"
708,"115","Tsakalis Kostas","",NA,1524944.71,1,"1mo"
709,"115","wleite","",NA,1525259.23,2,"1mo"
710,"342","kmrlee","",NA,1525564.69,5,"2d"
711,"84","nj1000","",NA,1525831.75,4,"18h"
712,"117","JPI123","",NA,1526459.07,2,"16d"
713,"117","Yigiter","",NA,1526496.51,3,"22d"
714,"117","Yury Tavyrikov","",NA,1526598.89,7,"24d"
715,"117","Vladimir Sokhatskyi","",NA,1526616.87,5,"1mo"
716,"310","Ariel Szabo","",NA,1526935.33,5,"5d"
717,"118","starwand","",NA,1529072.51,11,"23d"
718,"118","Andrew Kirk","",NA,1529543.96,2,"1mo"
719,"117","Xun Zhu","",NA,1529604.11,7,"1mo"
720,"117","MrOctopus","",NA,1529833.15,4,"1mo"
721,"new","(¬¥ÔΩ•_ÔΩ•`)","",NA,1529965.16,1,"4d"
722,"118","ruslandros","",NA,1530403.66,11,"12d"
723,"118","Juanantonio","",NA,1530774.89,10,"22d"
724,"118","Fersebas","",NA,1530830.86,1,"22d"
725,"new","Eason","",NA,1532011.36,2,"8h"
726,"119","Anatoly Safonov","",NA,1532226.11,28,"15d"
727,"119","gilbertoolimpio","",NA,1532700.15,11,"1mo"
728,"119","CaptainTroll","",NA,1532749.05,8,"8d"
729,"119","Andrey","",NA,1532769.03,3,"23d"
730,"119","QuangHo√†ng","",NA,1532792.14,8,"10d"
731,"118","Karasev Anton","",NA,1532820.16,6,"1mo"
732,"118","√òystein Sch√∏nning-Johansen","",NA,1532829.58,2,"1mo"
733,"118","JBoe","",NA,1532833.49,1,"1mo"
734,"117","ZackBayhan","",NA,1532865.75,8,"1mo"
735,"117","Peter Klagyivik","",NA,1532870.25,8,"1mo"
736,"117","PkkScr","",NA,1532895.14,3,"1mo"
737,"117","richard","",NA,1532927.62,6,"18d"
738,"117","towelie","",NA,1532928.15,4,"18d"
739,"117","Siddharth Yadav","",NA,1532939.74,12,"1mo"
740,"117","Gredikindon","",NA,1532940.28,3,"23d"
741,"117","Grzegorz Tkaczyk","",NA,1532945.15,5,"1mo"
742,"new","–ö–∏—Ä–∏–ª–ª –¢—É—à–∏–Ω","",NA,1532952.59,3,"9h"
743,"118","makuhn","",NA,1532977.48,9,"8d"
744,"118","ifeynman","",NA,1532988.43,2,"1mo"
745,"118","CacoS","",NA,1532989.55,4,"1mo"
746,"118","Anoop Sharma","",NA,1532993.79,13,"1mo"
747,"118","Basilisk","",NA,1532996.73,8,"1mo"
748,"118","DeleteZN","",NA,1533005.13,2,"21d"
749,"118","badpipe","",NA,1533010.66,1,"1mo"
750,"118","[ods.ai] shortcut","",NA,1533016.62,4,"23d"
751,"118","sfujiwara","",NA,1533025.09,7,"1mo"
752,"118","manyglaciers","",NA,1533028.27,3,"1mo"
753,"118","Yasin Sancaktutan","",NA,1533029,1,"1mo"
754,"118","Wei Hao Khoong","",NA,1533029.12,20,"1mo"
755,"118","Ethan","",NA,1533037.78,2,"1mo"
756,"118","upepo","",NA,1533038.25,1,"14d"
757,"118","fathomm","",NA,1533039.1,2,"21d"
758,"118","The groovy raccoons","",NA,1533042.57,5,"1mo"
759,"240","Madeleine","",NA,1533043.41,6,"2d"
760,"119","mlbgn","",NA,1533048.47,9,"1mo"
761,"119","Andre Cpc","",NA,1533056.02,1,"1mo"
762,"119","Yurii","",NA,1533067.9,7,"1mo"
763,"119","Alex Katrenko","",NA,1533067.91,3,"1mo"
764,"119","Hiromi Ayase","",NA,1533068,2,"1mo"
765,"119","Ericson","",NA,1533074.24,1,"1mo"
766,"119","feliksss","",NA,1533077.68,9,"22d"
767,"119","bartas28","",NA,1533082.44,7,"1mo"
768,"119","Gabriel","",NA,1533089.39,2,"1mo"
769,"119","LastRocky","",NA,1533101.52,2,"1mo"
770,"119","tereka","",NA,1533105.37,1,"1mo"
771,"119","sfunk","",NA,1533108.74,3,"14d"
772,"119","lvnguyen","",NA,1533111.1,3,"1mo"
773,"118","Agnim Agarwal","",NA,1533111.39,6,"1mo"
774,"118","Shiyuan Zhang","",NA,1533111.39,6,"1mo"
775,"118","Carrie Lui","",NA,1533111.39,1,"1mo"
776,"118","Yinghui Jiang","",NA,1533111.39,1,"1mo"
777,"118","Sohom Ghosh","",NA,1533111.39,2,"1mo"
778,"117","huytran080199","",NA,1533111.39,4,"14d"
779,"209","sumit","",NA,1533111.39,3,"6d"
780,"118","Teo","",NA,1533118.36,12,"1mo"
781,"118","Meng Di","",NA,1533123.34,1,"1mo"
782,"118","Kasper P. Lauritzen","",NA,1533126.45,2,"1mo"
783,"118","Santayi Hoplatiyoruz","",NA,1533132.86,6,"1mo"
784,"118","menphim","",NA,1533151.06,4,"1mo"
785,"118","ThomasKaratzas","",NA,1533152.04,1,"1mo"
786,"118","[ods.ai] waniz","",NA,1533154.33,2,"1mo"
787,"118","daten-kieker","",NA,1533154.33,1,"1mo"
788,"118","Van de Rakt","",NA,1533154.33,1,"1mo"
789,"118","Ayman Khalafallah","",NA,1533154.33,1,"1mo"
790,"118","AlenJacob","",NA,1533154.33,1,"1mo"
791,"118","Syncoin","kernel5b6bfdf263",NA,1533155.03,1,"20d"
792,"118","Emilio Martin","",NA,1533155.81,1,"22d"
793,"118","hungfei","",NA,1533156.06,1,"1mo"
794,"118","Ceshine Lee","",NA,1533157.72,1,"1mo"
795,"118","Rodrigo Salas","",NA,1533164.04,9,"24d"
796,"118","CarlosKobayashi","",NA,1533165.98,5,"1mo"
797,"118","Uzair Sajjad","",NA,1533166.65,2,"17d"
798,"118","Rascale","",NA,1533169.8,1,"12d"
799,"118","DimaZboroshenko","",NA,1533174.47,3,"20d"
800,"118","Elvin Mirzazada","",NA,1533175,1,"1mo"
801,"118","UtpalDatta","",NA,1533176.18,5,"1mo"
802,"118","Cergy Zoo v2","",NA,1533176.78,2,"1mo"
803,"118","Andre Sionek","üåü Object Oriented Santa's Route + Concorde Solver",NA,1533177.23,10,"17d"
804,"118","Sylas","",NA,1533177.23,2,"17d"
805,"118","mikey320b","",NA,1533177.66,1,"1mo"
806,"118","benjaminphillips22","",NA,1533180.73,2,"1mo"
807,"118","TacsyRu","",NA,1533182.12,3,"1mo"
808,"118","DanLester","",NA,1533206.77,6,"1mo"
809,"118","Pavel Gurov","",NA,1533208.34,7,"24d"
810,"118","Gaven Tian","",NA,1533209.37,1,"20d"
811,"118","Rob Rose","",NA,1533211.21,3,"1mo"
812,"118","Jason Duncan-Wilson","Run Run Rudolph -> TSP Solver + Path Flip",NA,1533213.8,3,"12d"
813,"118","Think","",NA,1533216.09,4,"1mo"
814,"117","lishuai","",NA,1533223.5,2,"1mo"
815,"117","James","",NA,1533224.15,2,"1mo"
816,"117","ÈõÑ‰∏Ä ÈªíÁî∞","",NA,1533225.35,5,"25d"
817,"117","Mads","",NA,1533228.13,3,"25d"
818,"117","Kamal Nayan Goyal","",NA,1533230.82,1,"1mo"
819,"117","N G","",NA,1533234.85,2,"1mo"
820,"new","NCHU5104056014","",NA,1533235.41,7,"1h"
821,"118","Hypothetical Ninja","",NA,1533235.42,1,"12d"
822,"118","Kamil","",NA,1533236.31,3,"1mo"
823,"118","XIN LIN","",NA,1533239.44,1,"1mo"
824,"118","Wouter Lefever","Concorde solver",NA,1533242.06,2,"1mo"
825,"new","kazrin3","",NA,1533243.99,1,"3d"
NA,"","Elf Benchmark","",NA,1533244.89,NA,""
826,"119","Abhijay Achukola","",NA,1533252.53,7,"11d"
827,"119","Lluis Capdevila","",NA,1533252.53,3,"4d"
828,"119","Chetan Seth","",NA,1533253,3,"24d"
829,"119","Shiladitya Banerjee","",NA,1533255.9,1,"1mo"
830,"new","Youngin","",NA,1533259.66,1,"3d"
831,"120","Alexander Teplyuk","",NA,1533264.97,2,"1mo"
832,"120","RxTng","",NA,1533265.59,3,"1mo"
833,"120","Marcel Schmidt","",NA,1533275.54,3,"1mo"
834,"120","ORAIGUYS","",NA,1533276.75,1,"1mo"
835,"120","Prajit Datta","",NA,1533278.4,3,"23d"
836,"120","Rob Mulla","",NA,1533279.06,1,"24d"
837,"120","M.R.M.","",NA,1533280.85,2,"1mo"
838,"120","Siddhartha Sinha","",NA,1533285.65,1,"1mo"
839,"120","Sophie","",NA,1533285.65,1,"23d"
840,"119","xffj","",NA,1533291.54,5,"1mo"
841,"119","Victor Geislinger","",NA,1533296.12,2,"1mo"
842,"119","CyrilMeyer","",NA,1533299.78,5,"1mo"
843,"119","Mehul Nirala","",NA,1533301.1,2,"1mo"
844,"119","Pierre-Nicolas Piquin","",NA,1533307.35,2,"1mo"
845,"119","Oliv Z","",NA,1533307.95,2,"22d"
846,"119","Nghia Chung","",NA,1533313.01,2,"1mo"
847,"119","Gorshkov Ilya 144","",NA,1533324.15,2,"1mo"
848,"119","Benigno Calvo","",NA,1533329.31,6,"14d"
849,"119","Douglas Staple","",NA,1533331.82,1,"1mo"
850,"119","Victor","",NA,1533336.72,1,"15d"
851,"119","Izuchukwu","",NA,1533340.25,1,"25d"
852,"119","Zhijian Li","",NA,1533341.09,3,"1mo"
853,"119","Pablo Mat√© Ruiz","",NA,1533341.45,2,"1mo"
854,"119","Reche Tech","",NA,1533342.62,2,"1mo"
855,"319","Dragon","",NA,1533343.29,9,"2d"
856,"120","vale24","",NA,1533360.54,5,"1mo"
857,"120","Team Pydata Bristol","",NA,1533361.98,1,"20d"
858,"120","Duo An","",NA,1533363.74,1,"1mo"
859,"120","LucasBerbesson","",NA,1533365.09,2,"1mo"
860,"120","fritz_rockt","",NA,1533366.35,1,"10d"
861,"120","Carlos A Sanchez B","",NA,1533367.77,3,"1mo"
862,"120","PC Jimmmy","",NA,1533368.85,1,"1mo"
863,"120","haha","",NA,1533379.63,1,"23d"
864,"120","Yohanes Alfredo","",NA,1533383.03,1,"1mo"
865,"120","LloydHughes","",NA,1533385.99,1,"1mo"
866,"120","yasube","",NA,1533392.61,1,"19d"
867,"278","shoko","",NA,1533395.97,11,"3d"
868,"121","JiyangLi","",NA,1533396.84,1,"24d"
869,"121","Herman Schaaf","",NA,1533398.72,1,"1mo"
870,"new","Marius","",NA,1533400.93,1,"4d"
871,"122","Erik Gaasedelen","",NA,1533401.57,1,"1mo"
872,"122","Vishal R","",NA,1533412.05,2,"13d"
873,"122","CalebCastleberry","",NA,1533415.93,8,"23d"
874,"122","WilhelmWedernikow","",NA,1533416.06,1,"1mo"
875,"122","James A","",NA,1533417.2,1,"1mo"
876,"122","Martial Ren","",NA,1533418.47,4,"1mo"
877,"122","Doƒüu≈ü KIDIK","",NA,1533418.47,4,"1mo"
878,"122","Evan Chugh","",NA,1533418.47,1,"22d"
879,"122","Yoda","",NA,1533418.47,6,"20d"
880,"122","Romain Gauthier","",NA,1533418.47,6,"10d"
881,"new","Denis Daletski","",NA,1533418.47,2,"6d"
882,"123","Andreas Arzt","",NA,1533425.55,2,"1mo"
883,"new","Vladyslav Yushchenko","",NA,1533437.02,1,"3d"
884,"124","William Cukierski","Concorde solver",NA,1533440.01,2,"1mo"
885,"124","ognek","",NA,1533447.94,1,"1mo"
886,"236","Yongho Kim","",NA,1533452.8,2,"6d"
887,"125","hairykrishna","",NA,1533453.42,2,"25d"
888,"125","NurvirtaMonarizqa","",NA,1533455.54,2,"1mo"
889,"125","Yuki Kubo","",NA,1533472.28,8,"1mo"
890,"125","Ink Aki","",NA,1533472.89,4,"25d"
891,"125","Merry Dog","",NA,1533474.68,1,"1mo"
892,"125","Michael Kazachok","",NA,1533474.68,4,"1mo"
893,"125","Feras","",NA,1533474.68,2,"1mo"
894,"125","anni14","",NA,1533474.68,3,"1mo"
895,"125","TaoL","",NA,1533474.68,1,"1mo"
896,"125","David.Statistics","",NA,1533474.68,2,"24d"
897,"125","Stefansan","",NA,1533474.68,18,"20d"
898,"38","Siarhei Fedartsou","",NA,1533474.68,6,"1d"
899,"125","DM2018‰∏ÅÂÖÜ‰∫ëDUDT","",NA,1533475.2,2,"1mo"
900,"125","Daming Li","",NA,1533477.04,1,"1mo"
901,"125","Ashish Patel(ÈòøÂ∏å‰ªÄ)","Travelling Santa 2018 Using TSP Solver Forked",NA,1533479.87,1,"1mo"
902,"125","Erik A. Partridge","",NA,1533480.44,1,"8d"
903,"125","Mr Data","",NA,1533495.13,2,"1mo"
904,"125","Vikash","",NA,1533515.56,1,"17d"
905,"new","Ben Lai","",NA,1533515.64,1,"6d"
906,"126","mohamed","",NA,1533516.54,1,"1mo"
907,"new","Yun-han Lan","",NA,1533516.85,1,"3d"
908,"127","Adam Suwik","",NA,1533525.18,3,"1mo"
909,"127","reg619","",NA,1533546.82,5,"1mo"
910,"127","Lian Kai","",NA,1533600.68,1,"22d"
911,"127","Florentin Gerard","",NA,1533612.22,2,"7d"
912,"127","Marcin Mucha","",NA,1533680.72,1,"1mo"
913,"new","gcg0223","",NA,1533729.49,3,"9h"
914,"128","mab27","",NA,1533898.92,7,"15d"
915,"281","Tim Holmes","",NA,1534166,3,"6d"
916,"125","PoolNight","",NA,1535327.99,2,"16h"
917,"130","sergeyvolkov","",NA,1535529.91,1,"22d"
918,"new","TauPiPhi","",NA,1537564.99,2,"6d"
919,"131","Stefan","",NA,1540532.88,1,"1mo"
920,"131","Carl Lange","",NA,1541113.39,19,"1mo"
921,"129","SamuelDoe","",NA,1548661.46,7,"2d"
922,"116","Asaf","",NA,1556722.49,2,"1d"
923,"130","Hurlski","",NA,1570042.12,1,"13d"
924,"122","Ngoc Khanh Nguyen","",NA,1573285.85,3,"3d"
925,"new","Simon Cavegn","",NA,1575095.13,1,"3d"
926,"132","Triskelion","",NA,1576980.76,1,"1mo"
927,"119","Richard from Holland","",NA,1578996.33,14,"7d"
928,"116","Ant0n","",NA,1585303.54,5,"4d"
929,"133","CarlosDiogo","",NA,1585925.91,2,"11d"
930,"new","matt","",NA,1588659.83,1,"2d"
931,"134","net_buster","",NA,1592221.96,40,"3d"
932,"133","t-keita","",NA,1593350.21,3,"24d"
933,"344","riddle","",NA,1594748.11,11,"2d"
934,"133","Ivan Kashin","",NA,1597039.82,36,"20d"
935,"118","Lazarp","",NA,1600886.14,18,"13h"
936,"133","Dmitry Sergeev","",NA,1607714.88,3,"13d"
937,"133","xyz600","",NA,1608045.35,4,"1mo"
938,"92","Paul Undermount","",NA,1608151.09,9,"4d"
939,"134","Yogi Dhiman","",NA,1608400.14,16,"13d"
940,"133","Kozyr","Min Circle: Naive Approach with Permutations",NA,1614718.5,3,"19d"
941,"132","SaveTheRudolph","",NA,1618665.54,3,"14d"
942,"281","fingoldo","",NA,1626314.12,8,"7d"
943,"130","Richard Long","",NA,1629923.77,5,"1mo"
944,"130","Serhii Hrynko","",NA,1634100.34,4,"10d"
945,"130","terasaki","",NA,1635758.81,4,"16d"
946,"81","ootsby","",NA,1636531.03,13,"3d"
947,"131","greed_is_good","",NA,1637643.82,15,"18d"
948,"130","Andrei Gorchakov","",NA,1644803.18,9,"22d"
949,"new","gxuchen888","",NA,1648884.89,2,"6d"
950,"131","Janusz Piech√≥wka","",NA,1649333.06,2,"19d"
951,"131","Anth","",NA,1649928.5,3,"1mo"
952,"90","noypeban","",NA,1650314.6,6,"1h"
953,"132","tatsuya","",NA,1652464.35,5,"12d"
954,"132","prime-rudolf","",NA,1654245.79,7,"22d"
955,"new","coshzz","",NA,1656451.5,4,"21h"
956,"133","Riley","",NA,1656655.61,3,"1mo"
957,"133","cud155","",NA,1656703.12,2,"20d"
958,"133","mtodisco10","",NA,1656916.85,11,"19d"
959,"271","Claudio Coppola","",NA,1656989.31,10,"2d"
960,"134","_","",NA,1658408.71,7,"6d"
961,"103","Daniel Gerhard","",NA,1658603.08,3,"7d"
962,"135","Sergey Chekhlov","",NA,1661657.49,13,"17d"
963,"135","aekapolh","",NA,1663560.23,2,"12d"
964,"135","razapor","",NA,1665923.9,8,"1mo"
965,"new","Lyova Potyomkin","",NA,1666553.45,3,"3d"
966,"136","Kiri0512","",NA,1667782.19,19,"23d"
967,"135","Naveen Kapoor","",NA,1678291.9,1,"14d"
968,"129","Doron Bar","",NA,1678328.24,19,"4d"
969,"136","Pascal Simpkins","",NA,1678414.98,3,"12d"
970,"new","Felipe Rafael","",NA,1678654.09,3,"4d"
971,"137","Pag2","",NA,1679377.47,7,"14d"
972,"137","Daniel Alcides Saromo Mori","",NA,1679755.46,1,"1mo"
973,"133","Tobias326","",NA,1680440.68,13,"6d"
974,"138","David Bradnum","",NA,1680461.94,1,"1mo"
975,"new","Valery Garipov","",NA,1681005.76,1,"4d"
976,"139","Afordancja","",NA,1687872.09,5,"25d"
977,"new","Zizhao Zhang","",NA,1688027.81,5,"11h"
978,"140","Peter Oropeza","",NA,1688457.88,10,"12d"
979,"84","Mr. Amazing","",NA,1688771.28,5,"2d"
980,"139","virtuoso","",NA,1700000,2,"1mo"
981,"139","Prasanth","",NA,1703728.29,15,"14d"
982,"139","jtswiat","",NA,1709421.99,16,"11d"
983,"90","Gaffer","",NA,1720857.79,16,"2d"
984,"128","LucasMoreira","",NA,1725641.48,17,"4d"
985,"141","marcelo moreno","",NA,1728909.68,2,"25d"
986,"47","njcole","",NA,1740158.79,5,"5d"
987,"new","santa's_sharks","",NA,1740213.99,4,"3d"
988,"new","Shehadi Dayekh","",NA,1741993.05,3,"20h"
989,"new","Tyler Shepherd","",NA,1757466.95,2,"3d"
990,"143","Vimlord","",NA,1758601.8,1,"15d"
991,"143","Khaled Fayed","",NA,1759342.83,3,"1mo"
992,"143","kbunch","",NA,1761947.11,8,"8d"
993,"143","DavSacramento","",NA,1762574.07,4,"1mo"
994,"143","Reto Wyss","",NA,1767391.6,2,"1mo"
995,"142","thost2312","",NA,1771419.75,2,"14d"
996,"142","IEG_","",NA,1772957.99,2,"1mo"
997,"142","Christopher C. Williams","",NA,1775360.26,4,"16d"
998,"141","turtle","",NA,1782420.97,3,"1mo"
999,"141","rohit dehar","",NA,1785283.1,3,"25d"
1000,"141","Jacob","",NA,1786200.6,6,"1mo"
1001,"141","Arye Yerushalmi","",NA,1787620.53,11,"14d"
1002,"130","Joe Zirilli","",NA,1793015.9,11,"20h"
1003,"140","Tim Anderton","",NA,1799099.3,1,"23d"
1004,"140","Elena Moltchanova","",NA,1799551.58,5,"1mo"
1005,"138","Joseph94m","",NA,1800407.34,10,"25d"
1006,"138","wszenic","",NA,1800604.19,9,"24d"
1007,"138","Rajiv S","",NA,1800849.72,11,"21d"
1008,"138","kravtsov dima","",NA,1800953.64,4,"1mo"
1009,"138","HugoContreras","",NA,1801471.45,5,"1mo"
1010,"new","√ñzg√ºr Cem Birler","",NA,1802753.37,12,"6d"
1011,"117","Himanshu S Sethi","",NA,1803476.61,17,"5d"
1012,"139","RouteSanta","",NA,1805755.46,27,"24d"
1013,"139","nadare","",NA,1805861.05,4,"1mo"
1014,"139","Mostafa Mohamed KOtb","",NA,1806260.57,1,"24d"
1015,"139","Andr√© L. Maravilha","",NA,1806276.95,4,"1mo"
1016,"139","Ulysses","",NA,1807418.99,12,"20d"
1017,"139","CrunchingForFun","",NA,1808710.83,2,"18d"
1018,"new","minuet_mi","",NA,1808710.83,2,"2d"
1019,"140","thoramsa","",NA,1809304.26,5,"12d"
1020,"140","crownburntdown","",NA,1809409.78,3,"15d"
1021,"128","Arkiaz Arkiaz","",NA,1809483.82,7,"1d"
1022,"new","Gleb","",NA,1809683.16,13,"4d"
1023,"142","asapokL","",NA,1809754.47,3,"20d"
1024,"142","Raja Sekar","",NA,1809783.12,1,"14d"
1025,"142","estasney","",NA,1809813.75,9,"23d"
1026,"142","ozcan","",NA,1809876.46,16,"17d"
1027,"142","Daniel Dewey","Reindeer Rebellion: Traveling Santa 2018",NA,1810034.82,8,"2d"
1028,"142","Malafoll√°s","",NA,1810283.88,5,"23d"
1029,"142","ansmall","",NA,1810729.67,3,"20d"
1030,"142","Ismael","",NA,1811185.38,4,"15d"
1031,"new","Alena Arykina","",NA,1811299.75,1,"6d"
1032,"142","fmehmetun","kernel8ce39977aa",NA,1811365.14,5,"21d"
1033,"142","NineRui","",NA,1811365.14,1,"1mo"
1034,"new","Bawboo","",NA,1811365.14,1,"5d"
1035,"101","Gray Taylor","",NA,1811865.45,30,"3d"
1036,"140","fabtab","",NA,1811891.79,2,"10d"
1037,"140","gotstremph","",NA,1811953.68,1,"18d"
1038,"139","SimonW","",NA,1811953.68,1,"9d"
1039,"139","fzhurd","",NA,1811953.68,1,"8d"
1040,"new","Anup Mandvariya","",NA,1811953.68,1,"6d"
1041,"62","Gandhi Bhattarai","",NA,1811953.68,35,"6d"
1042,"new","Zeeshan Anjum","",NA,1811953.68,1,"2d"
1043,"new","Cesc","",NA,1811953.68,1,"21h"
1044,"new","oshibori","",NA,1811953.68,2,"5h"
1045,"new","meng1994","",NA,1811953.68,1,"25m"
1046,"145","Goku","",NA,1811963.7,2,"1mo"
1047,"144","NingXuan","",NA,1811964.66,1,"1mo"
1048,"144","Kristaps","",NA,1811964.66,1,"1mo"
1049,"144","MarkHacker","",NA,1811964.66,1,"1mo"
1050,"144","Noah Weber","Greedy Algorithm approach",NA,1811964.66,1,"1mo"
1051,"144","Geoff Grimwood","",NA,1811964.66,1,"1mo"
1052,"144","Pahadia","",NA,1811964.66,2,"1mo"
1053,"144","Paul H","",NA,1811964.66,2,"1mo"
1054,"144","sweater","",NA,1811964.66,1,"1mo"
1055,"144","Neil Norton","",NA,1811964.66,3,"1mo"
1056,"144","Gabriel Pistorello","",NA,1811964.66,1,"1mo"
1057,"144","Alexandr M","",NA,1811964.66,1,"1mo"
1058,"144","Alan Zhang","",NA,1811964.66,2,"24d"
1059,"144","Alex Zeakis","",NA,1811964.66,2,"20d"
1060,"144","Avi Salama","",NA,1811964.66,3,"9d"
1061,"39","Hannes","",NA,1811964.66,6,"6d"
1062,"new","Karaca Brothers","",NA,1811964.66,2,"2d"
1063,"146","zyfghx","",NA,1812195.65,1,"10d"
1064,"146","Philipp Oehme","",NA,1812271.75,2,"1mo"
1065,"146","AndyBear","",NA,1812305.16,5,"21d"
1066,"38","Chillicoder","",NA,1812388.74,2,"7d"
1067,"147","Ankasor","",NA,1812402.3,5,"1mo"
1068,"147","leniumC","",NA,1812439.4,1,"20d"
1069,"147","AngelaWie","",NA,1812464.97,7,"1mo"
1070,"147","Hola","",NA,1812504.77,2,"1mo"
1071,"147","Mfundo Shabalala","",NA,1812525.35,1,"1mo"
1072,"147","mingjerli","",NA,1812525.35,1,"1mo"
1073,"147","Will","",NA,1812525.35,1,"1mo"
1074,"147","Faktor100","",NA,1812550.5,4,"1mo"
1075,"146","Matthew Asprey","",NA,1812550.5,1,"1mo"
1076,"146","Mark","",NA,1812550.5,2,"1mo"
1077,"146","YC WONG","",NA,1812550.5,5,"23d"
1078,"146","Georgios Sarantitis","",NA,1812550.5,1,"21d"
1079,"new","Maria Dyakova","",NA,1812550.5,1,"4d"
1080,"new","Qian Kun","",NA,1812550.5,1,"4h"
1081,"148","Jixing Yao","",NA,1812569.62,1,"1mo"
1082,"147","gippoo","",NA,1812601.25,4,"22d"
1083,"146","Demyxter","",NA,1812602.18,1,"1mo"
1084,"146","Gowtham Kumar","",NA,1812602.18,3,"1mo"
1085,"146","Riccardo Gallina","",NA,1812602.18,1,"1mo"
1086,"146","Shubham","Genetic Algorithm Modelling - Travelling Santa",NA,1812602.18,1,"1mo"
1087,"146","AFectXia","",NA,1812602.18,2,"1mo"
1088,"146","Ranojoy Barua","",NA,1812602.18,1,"1mo"
1089,"146","zuku","",NA,1812602.18,2,"1mo"
1090,"146","Kazi Abir Adnan","",NA,1812602.18,1,"1mo"
1091,"146","Shunta Komatsu","",NA,1812602.18,1,"1mo"
1092,"146","jcjc23","",NA,1812602.18,3,"25d"
1093,"146","huyi","",NA,1812602.18,1,"1mo"
1094,"146","kimi","",NA,1812602.18,7,"1mo"
1095,"146","gurualo","",NA,1812602.18,4,"1mo"
1096,"146","koyyyp","",NA,1812602.18,1,"1mo"
1097,"146","Adrian Dawid","",NA,1812602.18,2,"1mo"
1098,"146","Gabe","",NA,1812602.18,1,"1mo"
1099,"146","animalz","",NA,1812602.18,2,"1mo"
1100,"146","Nathaniel DeArce","",NA,1812602.18,3,"1mo"
1101,"146","Quentin Mouton","",NA,1812602.18,6,"24d"
1102,"145","WaqasBukhari","",NA,1812602.18,3,"1mo"
1103,"145","Ocean","",NA,1812602.18,1,"1mo"
1104,"145","Abhay Singhal","",NA,1812602.18,3,"1mo"
1105,"145","Matthew Hostak","",NA,1812602.18,2,"1mo"
1106,"145","Pol Major","",NA,1812602.18,6,"1mo"
1107,"145","Ryan Gao","",NA,1812602.18,1,"1mo"
1108,"145","SleeperMoNKeY","",NA,1812602.18,1,"1mo"
1109,"145","JunRongOng","",NA,1812602.18,1,"1mo"
1110,"145","isk4tel","",NA,1812602.18,3,"1mo"
1111,"145","HMSAnderson","",NA,1812602.18,1,"1mo"
1112,"145","ChuckNoris","",NA,1812602.18,2,"1mo"
1113,"145","JinCheol Choi","",NA,1812602.18,1,"1mo"
1114,"145","SOOBEOM AHN","",NA,1812602.18,2,"1mo"
1115,"145","Nick Hauptmann","",NA,1812602.18,1,"1mo"
1116,"145","Kostya Kyivskyi","",NA,1812602.18,1,"1mo"
1117,"145","Mingshuo Ding","",NA,1812602.18,1,"1mo"
1118,"145","counter25","",NA,1812602.18,5,"1mo"
1119,"145","Xiao Tan","",NA,1812602.18,1,"1mo"
1120,"145","Torsten W","",NA,1812602.18,1,"1mo"
1121,"145","Valorum","",NA,1812602.18,1,"1mo"
1122,"145","tkm2261","",NA,1812602.18,1,"1mo"
1123,"145","Dmitry Torshin","",NA,1812602.18,1,"1mo"
1124,"145","Dennis Della Corte","",NA,1812602.18,3,"1mo"
1125,"145","Emre Eren","",NA,1812602.18,2,"1mo"
1126,"145","Omid","",NA,1812602.18,2,"25d"
1127,"145","Richard Y","",NA,1812602.18,1,"1mo"
1128,"145","Thiago Sampaio","",NA,1812602.18,1,"25d"
1129,"145","Joris D'hondt","",NA,1812602.18,1,"25d"
1130,"145","Ken Miller","",NA,1812602.18,13,"25d"
1131,"145","EnricRovira","",NA,1812602.18,1,"24d"
1132,"145","Vitaliy Ponomarev","",NA,1812602.18,1,"23d"
1133,"144","twiggy","",NA,1812602.18,1,"23d"
1134,"144","Filippo Schiavo","",NA,1812602.18,2,"22d"
1135,"144","Shawn Goldwasser","",NA,1812602.18,6,"14h"
1136,"144","Andy Taylor","",NA,1812602.18,6,"11d"
1137,"144","ravi_jhajhr.a","",NA,1812602.18,1,"21d"
1138,"144","Przemek","",NA,1812602.18,2,"17d"
1139,"144","jprzygoda","",NA,1812602.18,2,"20d"
1140,"144","falcOneMoreTime","",NA,1812602.18,3,"3d"
1141,"144","Alex-K","",NA,1812602.18,4,"20d"
1142,"144","coho","",NA,1812602.18,1,"19d"
1143,"143","paulmorio","",NA,1812602.18,1,"19d"
1144,"142","Rijo John","",NA,1812602.18,2,"19d"
1145,"142","Andres Gomez","",NA,1812602.18,3,"17d"
1146,"142","Juan Esteban de la Calle Echeverri","",NA,1812602.18,8,"17d"
1147,"142","G&B4E","",NA,1812602.18,4,"17d"
1148,"142","boulderslayer","",NA,1812602.18,6,"8d"
1149,"142","Jamesh","",NA,1812602.18,7,"7d"
1150,"142","lucam","",NA,1812602.18,1,"16d"
1151,"142","nleong","",NA,1812602.18,4,"15d"
1152,"142","Domingo Pe√±a","",NA,1812602.18,2,"15d"
1153,"142","DonghaoQiao","",NA,1812602.18,1,"15d"
1154,"142","DataLab351","",NA,1812602.18,3,"14d"
1155,"141","Michael Ho","",NA,1812602.18,1,"13d"
1156,"141","Crazy Gorilla Curry","",NA,1812602.18,3,"13d"
1157,"141","Team-Plism","",NA,1812602.18,2,"12d"
1158,"141","HenryBang","",NA,1812602.18,1,"12d"
1159,"141","s18rec","",NA,1812602.18,1,"12d"
1160,"141","È±ºÈÅáÈõ®Ê¨≤ËØ≠‰∏é‰Ωô","",NA,1812602.18,2,"11d"
1161,"141","Shobana","",NA,1812602.18,1,"11d"
1162,"141","spurius","",NA,1812602.18,1,"10d"
1163,"138","jprimera","",NA,1812602.18,4,"9d"
1164,"137","anon7r","",NA,1812602.18,2,"8d"
1165,"136","Vadim","",NA,1812602.18,2,"7d"
1166,"new","Loic Messal","",NA,1812602.18,1,"7d"
1167,"new","ABIMANNAN","",NA,1812602.18,4,"6d"
1168,"new","kiki33","",NA,1812602.18,1,"6d"
1169,"34","DaYu","",NA,1812602.18,2,"6d"
1170,"80","Madbits","",NA,1812602.18,3,"6d"
1171,"new","Boris Kozak","",NA,1812602.18,1,"6d"
1172,"new","Cesar Luis","",NA,1812602.18,1,"6d"
1173,"new","MoonRiver","",NA,1812602.18,6,"4h"
1174,"new","AlanDiego","",NA,1812602.18,4,"3d"
1175,"new","SarahZhang","",NA,1812602.18,1,"4d"
1176,"new","viva","",NA,1812602.18,2,"4d"
1177,"new","hellothere","",NA,1812602.18,2,"3d"
1178,"new","ihar01","",NA,1812602.18,2,"20h"
1179,"new","Sagar Awale","",NA,1812602.18,4,"1d"
1180,"45","Florian Peters","",NA,1812602.18,4,"2d"
1181,"new","HenriqueOliveira","",NA,1812602.18,1,"1d"
1182,"new","Puning Zhao","",NA,1812602.18,4,"4h"
1183,"new","blzk100","",NA,1812602.18,3,"3h"
1184,"154","Fabian Gebhart","",NA,1812616.91,1,"1mo"
1185,"154","Najib MAHJOUBI","",NA,1812647.23,5,"25d"
1186,"154","Alvaro Dur√°n Tovar","",NA,1812808.18,4,"1mo"
1187,"new","filby","",NA,1813179.06,1,"6d"
1188,"new","Kenalg","",NA,1813238.25,3,"2d"
1189,"155","blackbird71","",NA,1813757.07,1,"20d"
1190,"155","kens41","",NA,1815087.97,2,"13d"
1191,"155","Rama Jinka","",NA,1815654.81,1,"8d"
1192,"new","Parag Dassharma","",NA,1815909.25,1,"18h"
1193,"156","Adilbek","",NA,1816083.18,1,"23d"
1194,"156","topher_freeman","",NA,1816228.87,1,"24d"
1195,"156","Tomasz","",NA,1816246.45,5,"13d"
1196,"156","Johan Wallgren","",NA,1816433.85,4,"11d"
1197,"156","SoumilJain","",NA,1816527.42,3,"25d"
1198,"156","Ruslan Tugushev","",NA,1816552.11,5,"16d"
1199,"156","abyzsss","",NA,1816552.11,1,"19d"
1200,"21","Alexander Khitev","",NA,1816552.11,12,"3d"
1201,"157","Raphael Ginoulhac","",NA,1816763.31,4,"1mo"
1202,"157","mimi","",NA,1817902.4,1,"25d"
1203,"157","Dave A","",NA,1818215.49,1,"1mo"
1204,"157","TastyShoba","",NA,1818401.6,1,"21d"
1205,"105","Sherlock","",NA,1818762.66,4,"2d"
1206,"158","redderleg","",NA,1818935.64,2,"15d"
1207,"158","Page Wang","",NA,1819506.62,1,"1mo"
1208,"158","Alessandro Favero","",NA,1821176.1,2,"12d"
1209,"158","Kyle Wojtaszek","",NA,1821503.42,4,"14d"
1210,"new","vind wakar","",NA,1822654.72,4,"6d"
1211,"new","YTYang","",NA,1823172.58,1,"3d"
1212,"159","Ncrotz","",NA,1824783.62,3,"1mo"
1213,"new","Artem E.","",NA,1825487.29,2,"5d"
1214,"160","archRegression","",NA,1828011.13,3,"11d"
1215,"new","bvaidya","",NA,1828892.81,1,"5d"
1216,"new","Fernando Mill√°n","",NA,1831464.95,1,"3d"
1217,"162","davidparamonov","",NA,1834853.89,3,"16d"
1218,"162","PawanShivhare","",NA,1835124.55,2,"18d"
1219,"162","Wind","",NA,1841286.19,2,"16d"
1220,"51","GauravDesai","",NA,1847105.17,6,"7d"
1221,"163","alessiot","",NA,1853738.72,12,"14d"
1222,"163","dajofischer","",NA,1860582.3,1,"1mo"
1223,"163","Sebasti√°n Cancino","",NA,1861639.95,1,"11d"
1224,"163","Mr. Carax","",NA,1861909.19,2,"1mo"
1225,"163","Pavan","",NA,1883875.97,3,"19d"
1226,"new","SevenZS","",NA,1886437.18,1,"6d"
1227,"164","KittyMac","",NA,1886749.27,5,"23d"
1228,"new","$dgguz","",NA,1889706.65,9,"9h"
1229,"68","Speed Force","",NA,1895434.1,15,"17h"
1230,"165","newebug","",NA,1897706.38,3,"1mo"
1231,"165","Laghmari Khalil","",NA,1897709.95,1,"24d"
1232,"165","Guna Sekhar","",NA,1899519.16,3,"12d"
1233,"165","Jungwoo Park","",NA,1902771.73,1,"22d"
1234,"new","gengjia","",NA,1904706.44,1,"1d"
1235,"165","Wild Team","",NA,1905080.61,26,"4d"
1236,"167","risujiroh","",NA,1923891.2,2,"20d"
1237,"144","im2608","",NA,1935247.95,7,"2h"
1238,"167","Pepe Corredoira","",NA,1943394.53,2,"15d"
1239,"167","Rohit Singh","",NA,1966670.13,1,"1mo"
1240,"new","Danial","",NA,1974252.43,1,"2d"
1241,"new","HenningVoss","",NA,2010849.22,5,"3d"
1242,"141","Guillaume Vinet","",NA,2033315.68,8,"4d"
1243,"169","Ibon","",NA,2033348.52,4,"1mo"
1244,"32","ERG","",NA,2041504.51,3,"4d"
1245,"170","Mathfi&Magic","",NA,2044843.88,11,"10d"
1246,"170","Sandeepanand","",NA,2056538.01,13,"23d"
1247,"170","deepCycle","",NA,2084585.04,3,"1mo"
1248,"170","ThiagoSilveira","",NA,2095457.86,2,"1mo"
1249,"170","mcaruana","",NA,2098051.11,2,"20d"
1250,"170","c.ken","",NA,2099751.26,1,"16d"
1251,"170","Kranthi Sukka","",NA,2104456.77,5,"6d"
1252,"170","Yuznik","",NA,2117372.76,4,"1mo"
1253,"170","YoungStat","",NA,2131610.25,1,"19d"
1254,"170","–ú–∏—Ö–∞–∏–ª–ú–∏—Ö–∞–π–ª–æ–≤","",NA,2133860.87,5,"20d"
1255,"170","Nishanth Gandhidoss","",NA,2135914.68,1,"1mo"
1256,"170","DennisMagnusson","",NA,2139541.49,17,"12d"
1257,"170","Christos-Angelos Vasilopoulos","",NA,2140078.46,20,"10d"
1258,"170","Running in the dark","",NA,2173650.56,1,"17d"
1259,"121","Andrii","",NA,2191064.87,9,"12h"
1260,"171","threecourse","",NA,2193125.34,1,"1mo"
1261,"171","Hannu K","",NA,2216178.92,1,"1mo"
1262,"171","Edima Udo","",NA,2233635.03,5,"1mo"
1263,"171","Indrajit Sen Gupta","",NA,2233635.03,10,"1mo"
1264,"170","chantcalf","",NA,2251586.45,2,"14d"
1265,"new","skytea","",NA,2316755.94,2,"3d"
1266,"171","KeithWM","",NA,2322813.58,2,"11d"
1267,"171","Aayush Jain","",NA,2331399.17,2,"1mo"
1268,"171","DarinStephenson","",NA,2423817.28,3,"1mo"
1269,"167","LoGoWL","",NA,2428833.14,3,"2d"
1270,"172","yentianbao","",NA,2483327.59,3,"1mo"
1271,"172","C Rosen","",NA,2513930.23,3,"1mo"
1272,"168","David Cullen","",NA,2834904.3,2,"1mo"
1273,"168","Binghuan Zhang","",NA,2924432.03,23,"11d"
1274,"168","Laurier Mantel","",NA,3021781.25,1,"1mo"
1275,"168","H.T.D.","",NA,3051690.56,7,"1mo"
1276,"168","plantsgo","",NA,3128042.14,1,"18d"
1277,"new","jsen08","",NA,3143437.05,3,"3d"
1278,"153","alfredojulio","",NA,3318831.24,8,"31m"
1279,"169","JJMathew","",NA,3747789.53,1,"18d"
1280,"169","thickly-wood","",NA,3824068.31,1,"21d"
1281,"169","Jonny Lomond","",NA,3844918.59,4,"1mo"
1282,"169","Danielle Simmons","",NA,3869573.67,3,"23d"
1283,"169","Eckhard","",NA,4471483.35,1,"9d"
1284,"169","EthanVizitei","",NA,4767857.26,1,"25d"
1285,"169","Eric Mann","",NA,5077236.84,4,"19d"
1286,"169","nepeco","",NA,5104445.86,7,"1mo"
1287,"169","ryuyakoishi","",NA,5671480.22,3,"1mo"
1288,"168","Habemus Modelum","",NA,6845881.83,2,"21d"
1289,"new","jjitss","",NA,7214523.64,3,"18h"
1290,"169","RobertAltena","",NA,8751889.65,9,"1mo"
1291,"168","Duke","",NA,12520040.33,2,"1mo"
1292,"168","Hugo Hernandez","",NA,12732330.11,5,"24d"
1293,"166","Jonathan Scanlan","",NA,15441386.89,4,"3d"
1294,"166","Eugene Zubanov","",NA,16293612.59,3,"1mo"
1295,"new","SCM","",NA,16485874.81,1,"2d"
1296,"167","fanbb224","",NA,20081164.09,1,"19d"
1297,"167","ctov","",NA,20579778.31,9,"17d"
1298,"167","Laith","",NA,20629068.97,3,"19d"
1299,"167","Telaro","",NA,21090974.08,2,"1mo"
1300,"167","Jun Tamura","",NA,28627440.53,3,"1mo"
1301,"167","Grace Fogarty","",NA,29785017.59,3,"1mo"
1302,"167","Colin Ong","",NA,29941222.72,1,"1mo"
1303,"167","gedonder","",NA,42097599.49,3,"8d"
1304,"167","Allen","",NA,42345693.2,4,"1mo"
1305,"164","huseyinkara","",NA,44381962.83,13,"6d"
1306,"new","OH YUNHOO","",NA,50771848.99,1,"4d"
1307,"168","pandy yank","",NA,52172539.63,4,"22d"
1308,"new","bob","",NA,55881387.37,2,"5d"
1309,"169","CUZ Analytics","",NA,56114709.62,2,"24d"
1310,"152","rknoops","",NA,57991468.16,11,"11h"
1311,"169","Sam Leylan","",NA,64259206.28,6,"1mo"
1312,"169","Alex Bibikov","",NA,65466126.24,2,"25d"
1313,"169","ThomasPreece","",NA,68239431.97,5,"18d"
1314,"168","Diego D.","",NA,70392339.68,1,"1mo"
1315,"168","Alessandro Olivero","",NA,71950856.76,3,"1mo"
1316,"168","Jughead","",NA,72560651.75,4,"1mo"
1317,"168","Evgeny Kovalev","",NA,76219364.1,1,"22d"
1318,"168","sambarnett","",NA,78947253.1,1,"25d"
1319,"168","thorr_99","",NA,84477627.05,1,"1mo"
1320,"168","Citril","",NA,96264498.6,1,"1mo"
1321,"168","Varun Rajan","",NA,100313182.08,2,"1mo"
1322,"168","DiegoAcevedo","",NA,101946973.72,9,"6d"
1323,"168","Scott Davidson","",NA,109074021.64,3,"23d"
1324,"168","rcrawler","",NA,117178166.4,2,"1mo"
1325,"168","huayunman","",NA,123086999.27,3,"1mo"
1326,"167","kryo","",NA,131914726.26,3,"21d"
1327,"167","Raghuveer Achukola","",NA,156836537.61,8,"1mo"
1328,"new","Rudolph","",NA,166030131.47,2,"28m"
1329,"167","Shuhei Torisaki","",NA,186803424.29,3,"19d"
1330,"167","KT","",NA,195629148.18,4,"1mo"
1331,"167","rence","",NA,196034814.52,2,"11d"
1332,"new","Msms","",NA,196156424.56,14,"3d"
1333,"168","Nikolas M√°rkus","",NA,196478209.35,1,"1mo"
1334,"168","Ruben te Wierik","",NA,196478209.35,3,"1mo"
1335,"new","RaresCristian","",NA,196478209.35,2,"4d"
1336,"169","Nildip Mukherjee","",NA,196478443.77,1,"1mo"
1337,"169","asr","",NA,196478628.46,1,"1mo"
1338,"168","Randy Boyes","See the ""Map""",NA,196478811.25,4,"1mo"
1339,"168","Bui Trung Anh","",NA,196478811.25,2,"1mo"
1340,"168","amrrs","",NA,196478811.25,2,"1mo"
1341,"168","More Naughty than Nice","",NA,196478811.25,5,"15d"
1342,"167","Seoncheol Park","",NA,196478811.25,2,"1mo"
1343,"167","abr013","",NA,196478811.25,1,"24d"
1344,"167","argo","",NA,196478811.25,1,"24d"
1345,"167","Martin Ball","",NA,196478811.25,3,"19d"
1346,"167","Zhaofeng Li","",NA,196478811.25,2,"14d"
1347,"167","not like the others","Lost Santa",NA,196478811.25,1,"8d"
1348,"new","Alfaima Solano","",NA,196478811.25,2,"5d"
1349,"new","Sasha L.","",NA,196487717,1,"16h"
1350,"169","Sunny","",NA,196498005.71,1,"18d"
1351,"169","HTP","",NA,197996463.48,1,"17d"
1352,"169","usakdsteen","",NA,215830202.37,3,"24d"
1353,"169","BijKag","",NA,215971242.17,2,"1mo"
1354,"169","CrazyRaptor","",NA,215971242.17,2,"1mo"
1355,"169","Andre","",NA,215971242.17,4,"21d"
1356,"169","ec_znu","",NA,215971242.17,4,"11d"
1357,"169","Wei Zou","",NA,215971242.17,1,"15d"
1358,"new","Bomada","",NA,215971242.17,1,"3d"
1359,"170","Fabien Brulport","",NA,217341411.32,2,"1mo"
1360,"170","stealthyK","",NA,218140761.84,5,"11d"
1361,"170","ramkumar","",NA,241111865.37,2,"15d"
1362,"170","Olalekan","",NA,241118305.92,1,"1mo"
1363,"170","Arpit Sharma","",NA,241118305.92,1,"1mo"
1364,"169","Arnold Kuo","",NA,241118305.92,1,"1mo"
1365,"168","MLopezMartin","",NA,241118305.92,1,"1mo"
1366,"168","nerih","",NA,241118305.92,1,"1mo"
1367,"167","Pentacosiarca","",NA,249513508.07,3,"25d"
1368,"167","Paul Larmuseau","",NA,277839621.32,1,"1mo"
1369,"167","Ayzhin","",NA,299813530.73,1,"1mo"
1370,"163","SkrrtSkrrt","",NA,306746234.02,13,"3h"
1371,"167","mscp","",NA,322482745.99,1,"1mo"
1372,"167","Bernardo Cordeiro","",NA,324860486.54,2,"24d"
1373,"167","kazu","",NA,381432338.9,3,"1mo"
1374,"141","mathesh","",NA,386761150.18,22,"16h"
1375,"new","Rom M","",NA,402034461.09,1,"4d"
1376,"168","Scrub","",NA,406550732.8,3,"16d"
1377,"168","Hotei","",NA,413344072.08,6,"17d"
1378,"159","sfoqui","",NA,419031954.54,4,"5d"
1379,"169","behelit$","",NA,421581642.66,2,"22d"
1380,"169","Vladimir Fomenko","",NA,427222394.4,9,"24d"
1381,"168","Julien Khamphousone","",NA,431164734.49,6,"21d"
1382,"168","Majd Ghada","",NA,435840731.69,1,"1mo"
1383,"168","Mauricio Zambon","",NA,437658434.55,1,"14d"
1384,"63","Bad Santa","",NA,440452447.65,10,"4d"
1385,"169","Felipe Bottega Diniz","",NA,442778063.78,2,"20d"
1386,"169","tekrei","",NA,443037688.01,2,"25d"
1387,"169","Optimal Byte","",NA,443350497.75,2,"10d"
1388,"168","Ethan DeRuby","",NA,443573433.37,5,"15d"
1389,"142","Nthana","",NA,444929857.57,7,"2d"
1390,"168","Drunk Reindeer","",NA,445012407.15,5,"1mo"
1391,"167","CaptainEric","",NA,445128553.08,1,"17d"
1392,"166","Shaahid","",NA,445384713.57,3,"18d"
1393,"166","Marlesson","",NA,445547769.29,3,"1mo"
1394,"166","Cristale","",NA,445644500.83,1,"15d"
1395,"new","Andrey Dolganov","",NA,445785465.16,1,"3d"
1396,"167","schlerp","",NA,445819767.87,2,"1mo"
1397,"166","Chantal","",NA,445960773.39,1,"25d"
1398,"166","Dan Haight","",NA,446029282.97,1,"13d"
1399,"165","gaku_shuu","",NA,446054582.74,2,"1mo"
1400,"165","Bratpfanne Bielefeld","",NA,446055692.56,2,"24d"
1401,"new","AmitMak","",NA,446139916.84,4,"3d"
1402,"166","Rick","",NA,446244722.28,5,"1mo"
1403,"165","BiooooMod","",NA,446341394.65,2,"24d"
1404,"165","JaiWei","",NA,446421939.66,13,"18d"
1405,"165","Hugo Barbaroux","",NA,446546406.77,2,"23d"
1406,"165","Abhishek Gupta","",NA,446597061.46,5,"20d"
1407,"165","Ibrahim Cebeci","",NA,446633243.4,1,"24d"
1408,"165","Sebastiaan Buiting","",NA,446671571.25,2,"8d"
1409,"165","Carles Alarc√≥n Campdepadr√≥s","",NA,446719224.35,2,"14d"
1410,"165","jochapjo","",NA,446746929.46,1,"13d"
1411,"165","Martin Kaspar","",NA,446750121.26,2,"1mo"
1412,"new","Yoshio Nakasato","",NA,446788263.06,1,"6d"
1413,"165","Sande","",NA,446806843.56,2,"23d"
1414,"new","Patrick78","",NA,446854490.13,2,"15h"
1415,"166","AndyMitchell","",NA,446859189.86,1,"1mo"
1416,"165","RohitKumar","",NA,446869563.28,1,"1mo"
1417,"new","Anthozoan","",NA,446873882.7,4,"1d"
1418,"166","troy_43_ft","",NA,446881281.97,2,"12d"
1419,"166","Francesco Lucchi","",NA,446883368.9,2,"11d"
1420,"166","Doarakko","",NA,446884407.52,1,"1mo"
1421,"166","ONODERA","",NA,446884407.52,1,"1mo"
1422,"165","Strideradu","",NA,446884407.52,1,"1mo"
1423,"165","Rohit Patil","",NA,446884407.52,1,"1mo"
1424,"165","Obsidian","",NA,446884407.52,1,"1mo"
1425,"165","Integralyamada","",NA,446884407.52,1,"1mo"
1426,"165","Seray Beser","",NA,446884407.52,1,"1mo"
1427,"165","–†–æ–º–∞–ì–æ—Ä–∏–Ω–æ–≤","",NA,446884407.52,1,"1mo"
1428,"165","Nathan Patrick Taylor","",NA,446884407.52,1,"1mo"
1429,"165","Gdelivo","",NA,446884407.52,1,"1mo"
1430,"165","Bruce_Lim","",NA,446884407.52,2,"1mo"
1431,"165","Lem Lordje Ko","",NA,446884407.52,1,"1mo"
1432,"165","The Iconoclast","",NA,446884407.52,1,"1mo"
1433,"165","SAITO","",NA,446884407.52,1,"1mo"
1434,"165","Vindesh Nadan","",NA,446884407.52,1,"1mo"
1435,"165","Paul Johnson","",NA,446884407.52,1,"1mo"
1436,"165","StuartHolliday","",NA,446884407.52,1,"1mo"
1437,"165","Lin Hong cheng","",NA,446884407.52,2,"1mo"
1438,"165","Amund","",NA,446884407.52,1,"1mo"
1439,"165","tomabou","",NA,446884407.52,1,"1mo"
1440,"165","Mario M.","",NA,446884407.52,1,"1mo"
1441,"165","nick81131","",NA,446884407.52,1,"1mo"
1442,"164","BoReppen","",NA,446884407.52,1,"1mo"
1443,"164","cmbiz","",NA,446884407.52,1,"1mo"
1444,"164","Rob Davis","",NA,446884407.52,1,"1mo"
1445,"164","aliyar","",NA,446884407.52,2,"1mo"
1446,"164","Tauranis","",NA,446884407.52,1,"1mo"
1447,"164","_LT_zyc","",NA,446884407.52,1,"25d"
1448,"164","Ricardo Otero","",NA,446884407.52,1,"25d"
1449,"164","Kan Huang","",NA,446884407.52,1,"24d"
1450,"164","Cinnamoroll","",NA,446884407.52,1,"24d"
1451,"164","wakabame","",NA,446884407.52,1,"24d"
1452,"164","AntoniBayo","",NA,446884407.52,1,"23d"
1453,"164","Clueless_bachu","",NA,446884407.52,1,"23d"
1454,"164","Andrey Kashin","",NA,446884407.52,2,"23d"
1455,"164","Hephyrius","",NA,446884407.52,1,"23d"
1456,"164","Oleg Sh","",NA,446884407.52,1,"22d"
1457,"164","Oleksiy Oliynyk","",NA,446884407.52,1,"22d"
1458,"164","Greg Brewster","",NA,446884407.52,1,"21d"
1459,"164","DavidHeid","",NA,446884407.52,2,"21d"
1460,"164","Yuchi Chen","",NA,446884407.52,1,"21d"
1461,"164","Roykin","",NA,446884407.52,1,"20d"
1462,"164","Arpit Tandon","",NA,446884407.52,1,"20d"
1463,"164","Jorge Loza","",NA,446884407.52,1,"18d"
1464,"164","taksidiaris","",NA,446884407.52,1,"18d"
1465,"164","Jing Ma","",NA,446884407.52,1,"17d"
1466,"164","Jamm","",NA,446884407.52,2,"17d"
1467,"164","Alina","",NA,446884407.52,1,"17d"
1468,"164","lightofanima","",NA,446884407.52,1,"16d"
1469,"164","Sean Osier","",NA,446884407.52,1,"16d"
1470,"164","Obel","",NA,446884407.52,1,"16d"
1471,"164","JenishJaientilal","",NA,446884407.52,1,"16d"
1472,"164","Veerpartap Singh","",NA,446884407.52,3,"15d"
1473,"164","Equipo Tenciales","",NA,446884407.52,1,"15d"
1474,"164","Edson Sobrinho","",NA,446884407.52,3,"9d"
1475,"164","baharehj","",NA,446884407.52,1,"13d"
1476,"164","w00t2","",NA,446884407.52,1,"13d"
1477,"164","Santa's favorite","",NA,446884407.52,2,"12d"
1478,"164","141180004","",NA,446884407.52,1,"12d"
1479,"164","Vijay Venugopal","",NA,446884407.52,1,"11d"
1480,"164","Javier Medel","",NA,446884407.52,1,"11d"
1481,"164","Elsa","",NA,446884407.52,1,"10d"
1482,"164","torajiro","",NA,446884407.52,1,"10d"
1483,"164","Karthikeyan Palanisamy","",NA,446884407.52,1,"9d"
1484,"164","SidneyT","",NA,446884407.52,1,"8d"
1485,"162","newspeak","",NA,446884407.52,1,"8d"
1486,"new","wei","",NA,446884407.52,1,"7d"
1487,"new","Zekai","",NA,446884407.52,1,"6d"
1488,"new","Michael Yeh","",NA,446884407.52,1,"6d"
1489,"new","FancyKkh","",NA,446884407.52,1,"6d"
1490,"new","Naked Chef","",NA,446884407.52,1,"6d"
1491,"new","Kael-Chan","",NA,446884407.52,1,"5d"
1492,"new","zikui cai","",NA,446884407.52,1,"5d"
1493,"new","siulasy","",NA,446884407.52,1,"5d"
1494,"new","lucaskg","",NA,446884407.52,2,"3d"
1495,"new","achmad syaiful","",NA,446884407.52,1,"2d"
1496,"new","Davide","",NA,446884407.52,1,"20h"
1497,"173","Bruno Barbosa","",NA,446884514.81,1,"24d"
1498,"173","YuIGARASHI","",NA,446948193.16,1,"15d"
1499,"173","ekreutz","",NA,446948841.15,1,"1mo"
1500,"173","vrsb","",NA,446972502.19,1,"20d"
1501,"new","Sascha","",NA,447005079.21,1,"7d"
1502,"new","liubigli","",NA,447060960.9,1,"11h"
1503,"175","HulkBulk","",NA,447071260.47,1,"1mo"
1504,"175","woldemas","",NA,447178180.37,2,"18d"
1505,"175","Igor Rudenko","",NA,447312482.49,1,"1mo"
1506,"175","MrPhirip","",NA,447343893.09,1,"1mo"
1507,"175","Nitin Phuke","",NA,447508672.64,1,"1mo"
1508,"175","Iniyan M D R","",NA,447589639.97,1,"22d"
1509,"new","KonradPiƒÖstka","",NA,447945775.44,1,"6d"
